CountryCode,SubsectorCode,Sector,FuelType,BaseYearEnergy
ALB,cem,ind,ecy,0.37681200000000004
ALB,cst,ind,ecy,0.41868000000000005
ALB,avi,tra,ecy,0
ALB,nav,tra,ecy,0
ALB,foo,ind,ecy,1.297908
ALB,irn,ind,ecy,1.004832
ALB,mac,ind,ecy,0
ALB,mch,ind,ecy,0.7536240000000001
ALB,nfm,ind,ecy,0.251208
ALB,oen,ind,ecy,0
ALB,omn,ind,ecy,1.0467
ALB,pow,pow,ecy,-30.77298
ALB,ral,tra,ecy,0
ALB,res,res,ecy,11.346228
ALB,rod,tra,ecy,0
ALB,srv,ind,ecy,5.400972
DZA,cem,ind,ecy,10.634472
DZA,cst,ind,ecy,6.573276000000001
DZA,avi,tra,ecy,0
DZA,nav,tra,ecy,0
DZA,foo,ind,ecy,11.597436
DZA,irn,ind,ecy,0.167472
DZA,mac,ind,ecy,0
DZA,mch,ind,ecy,6.782616
DZA,nfm,ind,ecy,0
DZA,oen,ind,ecy,26.1675
DZA,omn,ind,ecy,42.998436000000005
DZA,pow,pow,ecy,-275.993856
DZA,ral,tra,ecy,2.72142
DZA,res,res,ecy,89.011368
DZA,rod,tra,ecy,0
DZA,srv,ind,ecy,11.220624
AGO,cem,ind,ecy,0
AGO,cst,ind,ecy,0
AGO,avi,tra,ecy,0
AGO,nav,tra,ecy,0
AGO,foo,ind,ecy,0
AGO,irn,ind,ecy,0
AGO,mac,ind,ecy,0
AGO,mch,ind,ecy,0
AGO,nfm,ind,ecy,0
AGO,oen,ind,ecy,0
AGO,omn,ind,ecy,12.267324
AGO,pow,pow,ecy,-42.244812
AGO,ral,tra,ecy,0
AGO,res,res,ecy,24.157836
AGO,rod,tra,ecy,0
AGO,srv,ind,ecy,0
ARG,cem,ind,ecy,16.998408
ARG,cst,ind,ecy,0
ARG,avi,tra,ecy,0
ARG,nav,tra,ecy,0
ARG,foo,ind,ecy,50.325336
ARG,irn,ind,ecy,21.687624
ARG,mac,ind,ecy,9.21096
ARG,mch,ind,ecy,44.254476000000004
ARG,nfm,ind,ecy,18.086976
ARG,oen,ind,ecy,0
ARG,omn,ind,ecy,25.497612
ARG,pow,pow,ecy,-527.453064
ARG,ral,tra,ecy,1.967796
ARG,res,res,ecy,160.10323200000002
ARG,rod,tra,ecy,0
ARG,srv,ind,ecy,115.47194400000001
ARM,cem,ind,ecy,0.544284
ARM,cst,ind,ecy,0.125604
ARM,avi,tra,ecy,0
ARM,nav,tra,ecy,0
ARM,foo,ind,ecy,1.5072480000000001
ARM,irn,ind,ecy,0.251208
ARM,mac,ind,ecy,0.083736
ARM,mch,ind,ecy,2.344608
ARM,nfm,ind,ecy,0.7954920000000001
ARM,oen,ind,ecy,5.484708
ARM,omn,ind,ecy,0.334944
ARM,pow,pow,ecy,-28.051560000000002
ARM,ral,tra,ecy,0.251208
ARM,res,res,ecy,6.573276000000001
ARM,rod,tra,ecy,0.041868
ARM,srv,ind,ecy,1.0467
AUS,cem,ind,ecy,16.495992
AUS,cst,ind,ecy,1.004832
AUS,avi,tra,ecy,0
AUS,nav,tra,ecy,0
AUS,foo,ind,ecy,31.484736
AUS,irn,ind,ecy,12.853476
AUS,mac,ind,ecy,1.88406
AUS,mch,ind,ecy,83.90347200000001
AUS,nfm,ind,ecy,117.397872
AUS,oen,ind,ecy,0
AUS,omn,ind,ecy,15.784236000000002
AUS,pow,pow,ecy,-938.8899
AUS,ral,tra,ecy,11.639304000000001
AUS,res,res,ecy,213.31746
AUS,rod,tra,ecy,NA
AUS,srv,ind,ecy,252.46404
AUT,cem,ind,ecy,8.834148
AUT,cst,ind,ecy,1.925928
AUT,avi,tra,ecy,0
AUT,nav,tra,ecy,0
AUT,foo,ind,ecy,18.212580000000003
AUT,irn,ind,ecy,9.00162
AUT,mac,ind,ecy,18.338184000000002
AUT,mch,ind,ecy,23.822892000000003
AUT,nfm,ind,ecy,3.809988
AUT,oen,ind,ecy,0
AUT,omn,ind,ecy,23.446080000000002
AUT,pow,pow,ecy,-234.04212
AUT,ral,tra,ecy,7.285032
AUT,res,res,ecy,63.764964000000006
AUT,rod,tra,ecy,0.041868
AUT,srv,ind,ecy,44.128872
AZE,cem,ind,ecy,1.5491160000000002
AZE,cst,ind,ecy,2.0934
AZE,avi,tra,ecy,0
AZE,nav,tra,ecy,0
AZE,foo,ind,ecy,6.447672000000001
AZE,irn,ind,ecy,1.172304
AZE,mac,ind,ecy,0.62802
AZE,mch,ind,ecy,1.339776
AZE,nfm,ind,ecy,3.0563640000000003
AZE,oen,ind,ecy,0
AZE,omn,ind,ecy,1.172304
AZE,pow,pow,ecy,-90.81169200000001
AZE,ral,tra,ecy,1.130436
AZE,res,res,ecy,24.115968000000002
AZE,rod,tra,ecy,0
AZE,srv,ind,ecy,21.185208000000003
BHR,cem,ind,ecy,0
BHR,cst,ind,ecy,0
BHR,avi,tra,ecy,0
BHR,nav,tra,ecy,0
BHR,foo,ind,ecy,0.20934000000000003
BHR,irn,ind,ecy,0
BHR,mac,ind,ecy,0
BHR,mch,ind,ecy,0
BHR,nfm,ind,ecy,42.286680000000004
BHR,oen,ind,ecy,0
BHR,omn,ind,ecy,9.964584
BHR,pow,pow,ecy,-106.386588
BHR,ral,tra,ecy,0
BHR,res,res,ecy,29.977488
BHR,rod,tra,ecy,0
BHR,srv,ind,ecy,21.896964
BGD,cem,ind,ecy,0
BGD,cst,ind,ecy,0
BGD,avi,tra,ecy,0
BGD,nav,tra,ecy,0
BGD,foo,ind,ecy,2.219004
BGD,irn,ind,ecy,0
BGD,mac,ind,ecy,0
BGD,mch,ind,ecy,0
BGD,nfm,ind,ecy,0
BGD,oen,ind,ecy,5.484708
BGD,omn,ind,ecy,135.14990400000002
BGD,pow,pow,ecy,-282.985812
BGD,ral,tra,ecy,0
BGD,res,res,ecy,90.85356
BGD,rod,tra,ecy,0
BGD,srv,ind,ecy,19.761696
BLR,cem,ind,ecy,4.60548
BLR,cst,ind,ecy,0.921096
BLR,avi,tra,ecy,0
BLR,nav,tra,ecy,0
BLR,foo,ind,ecy,14.025780000000001
BLR,irn,ind,ecy,7.243164
BLR,mac,ind,ecy,6.950088
BLR,mch,ind,ecy,14.067648
BLR,nfm,ind,ecy,0
BLR,oen,ind,ecy,0
BLR,omn,ind,ecy,4.689216
BLR,pow,pow,ecy,-140.34153600000002
BLR,ral,tra,ecy,2.553948
BLR,res,res,ecy,23.655420000000003
BLR,rod,tra,ecy,0.586152
BLR,srv,ind,ecy,29.684412000000002
BEL,cem,ind,ecy,8.79228
BEL,cst,ind,ecy,3.3494400000000004
BEL,avi,tra,ecy,0
BEL,nav,tra,ecy,0
BEL,foo,ind,ecy,29.391336000000003
BEL,irn,ind,ecy,15.700500000000002
BEL,mac,ind,ecy,9.504036000000001
BEL,mch,ind,ecy,54.470268000000004
BEL,nfm,ind,ecy,7.619976
BEL,oen,ind,ecy,0
BEL,omn,ind,ecy,17.375220000000002
BEL,pow,pow,ecy,-264.982572
BEL,ral,tra,ecy,5.6940480000000004
BEL,res,res,ecy,66.402648
BEL,rod,tra,ecy,0.20934000000000003
BEL,srv,ind,ecy,79.38172800000001
BEN,cem,ind,ecy,0.586152
BEN,cst,ind,ecy,0
BEN,avi,tra,ecy,0
BEN,nav,tra,ecy,0
BEN,foo,ind,ecy,0.20934000000000003
BEN,irn,ind,ecy,0
BEN,mac,ind,ecy,0
BEN,mch,ind,ecy,0
BEN,nfm,ind,ecy,0
BEN,oen,ind,ecy,0
BEN,omn,ind,ecy,0.37681200000000004
BEN,pow,pow,ecy,-0.71175600000000006
BEN,ral,tra,ecy,0
BEN,res,res,ecy,1.339776
BEN,rod,tra,ecy,0
BEN,srv,ind,ecy,1.716588
VEN,cem,ind,ecy,0
VEN,cst,ind,ecy,0
VEN,avi,tra,ecy,0
VEN,nav,tra,ecy,0
VEN,foo,ind,ecy,1.6328520000000002
VEN,irn,ind,ecy,0.879228
VEN,mac,ind,ecy,0
VEN,mch,ind,ecy,8.917884
VEN,nfm,ind,ecy,22.441248
VEN,oen,ind,ecy,0
VEN,omn,ind,ecy,42.035472000000006
VEN,pow,pow,ecy,-359.059968
VEN,ral,tra,ecy,0
VEN,res,res,ecy,84.86643600000001
VEN,rod,tra,ecy,0
VEN,srv,ind,ecy,75.36240000000001
BIH,cem,ind,ecy,0.41868000000000005
BIH,cst,ind,ecy,0.20934000000000003
BIH,avi,tra,ecy,0
BIH,nav,tra,ecy,0
BIH,foo,ind,ecy,1.842192
BIH,irn,ind,ecy,2.9307600000000003
BIH,mac,ind,ecy,1.25604
BIH,mch,ind,ecy,0.7536240000000001
BIH,nfm,ind,ecy,6.405804000000001
BIH,oen,ind,ecy,0
BIH,omn,ind,ecy,2.009664
BIH,pow,pow,ecy,-68.621652
BIH,ral,tra,ecy,0.20934000000000003
BIH,res,res,ecy,16.872804000000002
BIH,rod,tra,ecy,0
BIH,srv,ind,ecy,8.206128
BWA,cem,ind,ecy,0.083736
BWA,cst,ind,ecy,0
BWA,avi,tra,ecy,0
BWA,nav,tra,ecy,0
BWA,foo,ind,ecy,1.0467
BWA,irn,ind,ecy,0.041868
BWA,mac,ind,ecy,0
BWA,mch,ind,ecy,2.51208
BWA,nfm,ind,ecy,0.083736
BWA,oen,ind,ecy,0.460548
BWA,omn,ind,ecy,0.251208
BWA,pow,pow,ecy,-11.388096000000001
BWA,ral,tra,ecy,0
BWA,res,res,ecy,3.851856
BWA,rod,tra,ecy,0
BWA,srv,ind,ecy,3.2238360000000004
BRA,cem,ind,ecy,34.499232
BRA,cst,ind,ecy,0
BRA,avi,tra,ecy,0
BRA,nav,tra,ecy,0
BRA,foo,ind,ecy,202.72485600000002
BRA,irn,ind,ecy,91.355976
BRA,mac,ind,ecy,0
BRA,mch,ind,ecy,129.16278
BRA,nfm,ind,ecy,89.55565200000001
BRA,oen,ind,ecy,0
BRA,omn,ind,ecy,284.91174
BRA,pow,pow,ecy,-2163.31956
BRA,ral,tra,ecy,7.075692
BRA,res,res,ecy,496.1358
BRA,rod,tra,ecy,0
BRA,srv,ind,ecy,489.56252400000005
BRN,cem,ind,ecy,0
BRN,cst,ind,ecy,0
BRN,avi,tra,ecy,0
BRN,nav,tra,ecy,0
BRN,foo,ind,ecy,0
BRN,irn,ind,ecy,0
BRN,mac,ind,ecy,0
BRN,mch,ind,ecy,0.125604
BRN,nfm,ind,ecy,0
BRN,oen,ind,ecy,0
BRN,omn,ind,ecy,0.544284
BRN,pow,pow,ecy,-15.449292000000002
BRN,ral,tra,ecy,0
BRN,res,res,ecy,4.689216
BRN,rod,tra,ecy,0
BRN,srv,ind,ecy,6.447672000000001
BGR,cem,ind,ecy,3.391308
BGR,cst,ind,ecy,0.8373600000000001
BGR,avi,tra,ecy,0
BGR,nav,tra,ecy,0
BGR,foo,ind,ecy,6.657012000000001
BGR,irn,ind,ecy,2.9307600000000003
BGR,mac,ind,ecy,4.354272
BGR,mch,ind,ecy,8.959752
BGR,nfm,ind,ecy,3.893724
BGR,oen,ind,ecy,0
BGR,omn,ind,ecy,5.484708
BGR,pow,pow,ecy,-167.555736
BGR,ral,tra,ecy,0.962964
BGR,res,res,ecy,39.481524
BGR,rod,tra,ecy,0.125604
BGR,srv,ind,ecy,30.479904
KHM,cem,ind,ecy,0
KHM,cst,ind,ecy,0
KHM,avi,tra,ecy,0
KHM,nav,tra,ecy,0
KHM,foo,ind,ecy,0
KHM,irn,ind,ecy,0
KHM,mac,ind,ecy,0
KHM,mch,ind,ecy,0
KHM,nfm,ind,ecy,0
KHM,oen,ind,ecy,0
KHM,omn,ind,ecy,6.740748
KHM,pow,pow,ecy,-29.433204000000003
KHM,ral,tra,ecy,0
KHM,res,res,ecy,11.764908
KHM,rod,tra,ecy,0
KHM,srv,ind,ecy,11.053152
CMR,cem,ind,ecy,0.544284
CMR,cst,ind,ecy,0
CMR,avi,tra,ecy,0
CMR,nav,tra,ecy,0
CMR,foo,ind,ecy,1.004832
CMR,irn,ind,ecy,0.334944
CMR,mac,ind,ecy,0
CMR,mch,ind,ecy,2.344608
CMR,nfm,ind,ecy,5.7777840000000005
CMR,oen,ind,ecy,3.3494400000000004
CMR,omn,ind,ecy,3.433176
CMR,pow,pow,ecy,-31.066056000000003
CMR,ral,tra,ecy,0
CMR,res,res,ecy,5.066028
CMR,rod,tra,ecy,0
CMR,srv,ind,ecy,1.842192
CAN,cem,ind,ecy,7.452504
CAN,cst,ind,ecy,0
CAN,avi,tra,ecy,0
CAN,nav,tra,ecy,0
CAN,foo,ind,ecy,74.901852
CAN,irn,ind,ecy,33.201324
CAN,mac,ind,ecy,37.429992000000006
CAN,mch,ind,ecy,137.368908
CAN,nfm,ind,ecy,211.098456
CAN,oen,ind,ecy,0
CAN,omn,ind,ecy,197.36575200000001
CAN,pow,pow,ecy,-2355.4518120000002
CAN,ral,tra,ecy,0
CAN,res,res,ecy,621.3629880000001
CAN,rod,tra,ecy,4.39614
CAN,srv,ind,ecy,538.8411600000001
CHL,cem,ind,ecy,1.925928
CHL,cst,ind,ecy,0.586152
CHL,avi,tra,ecy,0
CHL,nav,tra,ecy,0
CHL,foo,ind,ecy,9.21096
CHL,irn,ind,ecy,2.470212
CHL,mac,ind,ecy,0
CHL,mch,ind,ecy,94.663548
CHL,nfm,ind,ecy,0
CHL,oen,ind,ecy,0
CHL,omn,ind,ecy,59.117616000000005
CHL,pow,pow,ecy,-296.341704
CHL,ral,tra,ecy,1.716588
CHL,res,res,ecy,48.315672
CHL,rod,tra,ecy,2.386476
CHL,srv,ind,ecy,42.537888
CHN,cem,ind,ecy,1285.1382600000002
CHN,cst,ind,ecy,306.89244
CHN,avi,tra,ecy,0
CHN,nav,tra,ecy,0
CHN,foo,ind,ecy,1052.56152
CHN,irn,ind,ecy,2045.87982
CHN,mac,ind,ecy,2215.4870880000003
CHN,mch,ind,ecy,2714.30244
CHN,nfm,ind,ecy,2334.35034
CHN,oen,ind,ecy,2230.685172
CHN,omn,ind,ecy,1913.7025440000002
CHN,pow,pow,ecy,-25736.05026
CHN,ral,tra,ecy,306.138816
CHN,res,res,ecy,3527.420868
CHN,rod,tra,ecy,203.05980000000002
CHN,srv,ind,ecy,1503.27054
TWN,cem,ind,ecy,20.766528
TWN,cst,ind,ecy,3.2657040000000004
TWN,avi,tra,ecy,0
TWN,nav,tra,ecy,0
TWN,foo,ind,ecy,26.544312
TWN,irn,ind,ecy,61.294752
TWN,mac,ind,ecy,229.897188
TWN,mch,ind,ecy,144.151524
TWN,nfm,ind,ecy,8.541072
TWN,oen,ind,ecy,13.900176
TWN,omn,ind,ecy,52.544340000000005
TWN,pow,pow,ecy,-979.9624080000001
TWN,ral,tra,ecy,5.149764
TWN,res,res,ecy,168.76990800000002
TWN,rod,tra,ecy,0
TWN,srv,ind,ecy,155.70709200000002
COL,cem,ind,ecy,7.3269
COL,cst,ind,ecy,0.334944
COL,avi,tra,ecy,0
COL,nav,tra,ecy,0
COL,foo,ind,ecy,16.077312
COL,irn,ind,ecy,8.666676
COL,mac,ind,ecy,1.339776
COL,mch,ind,ecy,29.851884000000002
COL,nfm,ind,ecy,0.8373600000000001
COL,oen,ind,ecy,10.88568
COL,omn,ind,ecy,10.215792
COL,pow,pow,ecy,-287.884368
COL,ral,tra,ecy,0.37681200000000004
COL,res,res,ecy,88.88576400000001
COL,rod,tra,ecy,0
COL,srv,ind,ecy,47.855124000000004
COD,cem,ind,ecy,0.37681200000000004
COD,cst,ind,ecy,0
COD,avi,tra,ecy,0
COD,nav,tra,ecy,0
COD,foo,ind,ecy,0.083736
COD,irn,ind,ecy,0.041868
COD,mac,ind,ecy,0
COD,mch,ind,ecy,10.760076
COD,nfm,ind,ecy,0
COD,oen,ind,ecy,0
COD,omn,ind,ecy,6.028992000000001
COD,pow,pow,ecy,-38.09988
COD,ral,tra,ecy,0.041868
COD,res,res,ecy,8.917884
COD,rod,tra,ecy,0
COD,srv,ind,ecy,1.172304
CRI,cem,ind,ecy,0
CRI,cst,ind,ecy,0
CRI,avi,tra,ecy,0
CRI,nav,tra,ecy,0
CRI,foo,ind,ecy,3.642516
CRI,irn,ind,ecy,0
CRI,mac,ind,ecy,0
CRI,mch,ind,ecy,1.381644
CRI,nfm,ind,ecy,0
CRI,oen,ind,ecy,0.251208
CRI,omn,ind,ecy,3.0982320000000003
CRI,pow,pow,ecy,-41.407452
CRI,ral,tra,ecy,0
CRI,res,res,ecy,13.858308000000001
CRI,rod,tra,ecy,0
CRI,srv,ind,ecy,13.732704
HRV,cem,ind,ecy,2.470212
HRV,cst,ind,ecy,0.293076
HRV,avi,tra,ecy,0
HRV,nav,tra,ecy,0
HRV,foo,ind,ecy,3.809988
HRV,irn,ind,ecy,0.62802
HRV,mac,ind,ecy,1.842192
HRV,mch,ind,ecy,1.214172
HRV,nfm,ind,ecy,0.334944
HRV,oen,ind,ecy,0
HRV,omn,ind,ecy,2.8888920000000002
HRV,pow,pow,ecy,-48.77622
HRV,ral,tra,ecy,0.8373600000000001
HRV,res,res,ecy,22.315644000000002
HRV,rod,tra,ecy,0
HRV,srv,ind,ecy,21.394548
CUB,cem,ind,ecy,0
CUB,cst,ind,ecy,0.334944
CUB,avi,tra,ecy,0
CUB,nav,tra,ecy,0
CUB,foo,ind,ecy,1.172304
CUB,irn,ind,ecy,0
CUB,mac,ind,ecy,0
CUB,mch,ind,ecy,0
CUB,nfm,ind,ecy,0
CUB,oen,ind,ecy,0
CUB,omn,ind,ecy,10.676340000000001
CUB,pow,pow,ecy,-75.027456
CUB,ral,tra,ecy,1.0467
CUB,res,res,ecy,32.447700000000005
CUB,rod,tra,ecy,0
CUB,srv,ind,ecy,10.467
CUW,cem,ind,ecy,0
CUW,cst,ind,ecy,0
CUW,avi,tra,ecy,0
CUW,nav,tra,ecy,0
CUW,foo,ind,ecy,0
CUW,irn,ind,ecy,0
CUW,mac,ind,ecy,0
CUW,mch,ind,ecy,0
CUW,nfm,ind,ecy,0
CUW,oen,ind,ecy,0
CUW,omn,ind,ecy,0.669888
CUW,pow,pow,ecy,-3.0982320000000003
CUW,ral,tra,ecy,0
CUW,res,res,ecy,1.0467
CUW,rod,tra,ecy,0
CUW,srv,ind,ecy,0.879228
CYP,cem,ind,ecy,0.62802
CYP,cst,ind,ecy,0.041868
CYP,avi,tra,ecy,0
CYP,nav,tra,ecy,0
CYP,foo,ind,ecy,1.297908
CYP,irn,ind,ecy,0
CYP,mac,ind,ecy,0.083736
CYP,mch,ind,ecy,0.251208
CYP,nfm,ind,ecy,0
CYP,oen,ind,ecy,0.334944
CYP,omn,ind,ecy,0.20934000000000003
CYP,pow,pow,ecy,-18.212580000000003
CYP,ral,tra,ecy,0
CYP,res,res,ecy,6.070860000000001
CYP,rod,tra,ecy,0
CYP,srv,ind,ecy,7.829316
CZE,cem,ind,ecy,8.917884
CZE,cst,ind,ecy,2.219004
CZE,avi,tra,ecy,0
CZE,nav,tra,ecy,0
CZE,foo,ind,ecy,11.5137
CZE,irn,ind,ecy,8.499204
CZE,mac,ind,ecy,27.00486
CZE,mch,ind,ecy,13.18842
CZE,nfm,ind,ecy,1.5072480000000001
CZE,oen,ind,ecy,0
CZE,omn,ind,ecy,17.7939
CZE,pow,pow,ecy,-313.005168
CZE,ral,tra,ecy,5.8615200000000005
CZE,res,res,ecy,54.177192000000005
CZE,rod,tra,ecy,0.251208
CZE,srv,ind,ecy,57.694104
CIV,cem,ind,ecy,0
CIV,cst,ind,ecy,0.669888
CIV,avi,tra,ecy,0
CIV,nav,tra,ecy,0
CIV,foo,ind,ecy,3.1819680000000004
CIV,irn,ind,ecy,0.37681200000000004
CIV,mac,ind,ecy,0
CIV,mch,ind,ecy,1.25604
CIV,nfm,ind,ecy,0
CIV,oen,ind,ecy,0.041868
CIV,omn,ind,ecy,2.470212
CIV,pow,pow,ecy,-36.21582
CIV,ral,tra,ecy,0
CIV,res,res,ecy,8.58294
CIV,rod,tra,ecy,0
CIV,srv,ind,ecy,8.3736
PRK,cem,ind,ecy,0
PRK,cst,ind,ecy,0
PRK,avi,tra,ecy,0
PRK,nav,tra,ecy,0
PRK,foo,ind,ecy,0
PRK,irn,ind,ecy,0
PRK,mac,ind,ecy,0
PRK,mch,ind,ecy,0
PRK,nfm,ind,ecy,0
PRK,oen,ind,ecy,20.766528
PRK,omn,ind,ecy,20.766528
PRK,pow,pow,ecy,-55.55883600000001
PRK,ral,tra,ecy,0
PRK,res,res,ecy,0
PRK,rod,tra,ecy,0
PRK,srv,ind,ecy,0
DNK,cem,ind,ecy,2.8888920000000002
DNK,cst,ind,ecy,1.4653800000000001
DNK,avi,tra,ecy,0
DNK,nav,tra,ecy,0
DNK,foo,ind,ecy,15.700500000000002
DNK,irn,ind,ecy,1.5072480000000001
DNK,mac,ind,ecy,5.149764
DNK,mch,ind,ecy,5.8615200000000005
DNK,nfm,ind,ecy,0
DNK,oen,ind,ecy,0
DNK,omn,ind,ecy,4.563612
DNK,pow,pow,ecy,-109.359216
DNK,ral,tra,ecy,1.4653800000000001
DNK,res,res,ecy,35.16912
DNK,rod,tra,ecy,NA
DNK,srv,ind,ecy,38.141748
DOM,cem,ind,ecy,5.9871240000000006
DOM,cst,ind,ecy,0
DOM,avi,tra,ecy,0
DOM,nav,tra,ecy,0
DOM,foo,ind,ecy,9.922716000000001
DOM,irn,ind,ecy,0
DOM,mac,ind,ecy,0
DOM,mch,ind,ecy,2.553948
DOM,nfm,ind,ecy,0
DOM,oen,ind,ecy,0
DOM,omn,ind,ecy,6.322068000000001
DOM,pow,pow,ecy,-70.75692000000001
DOM,ral,tra,ecy,0.20934000000000003
DOM,res,res,ecy,18.589392
DOM,rod,tra,ecy,0
DOM,srv,ind,ecy,15.49116
ECU,cem,ind,ecy,0
ECU,cst,ind,ecy,0
ECU,avi,tra,ecy,0
ECU,nav,tra,ecy,0
ECU,foo,ind,ecy,0
ECU,irn,ind,ecy,0
ECU,mac,ind,ecy,0
ECU,mch,ind,ecy,0
ECU,nfm,ind,ecy,0
ECU,oen,ind,ecy,2.009664
ECU,omn,ind,ecy,36.00648
ECU,pow,pow,ecy,-105.256152
ECU,ral,tra,ecy,0
ECU,res,res,ecy,26.628048000000003
ECU,rod,tra,ecy,0.041868
ECU,srv,ind,ecy,24.995196
EGY,cem,ind,ecy,0
EGY,cst,ind,ecy,0
EGY,avi,tra,ecy,0
EGY,nav,tra,ecy,0
EGY,foo,ind,ecy,26.753652000000002
EGY,irn,ind,ecy,0
EGY,mac,ind,ecy,0
EGY,mch,ind,ecy,0
EGY,nfm,ind,ecy,0
EGY,oen,ind,ecy,0
EGY,omn,ind,ecy,165.3786
EGY,pow,pow,ecy,-698.6513160000001
EGY,ral,tra,ecy,1.800324
EGY,res,res,ecy,245.47208400000002
EGY,rod,tra,ecy,0
EGY,srv,ind,ecy,144.77954400000002
SLV,cem,ind,ecy,0
SLV,cst,ind,ecy,0
SLV,avi,tra,ecy,0
SLV,nav,tra,ecy,0
SLV,foo,ind,ecy,0
SLV,irn,ind,ecy,0
SLV,mac,ind,ecy,0
SLV,mch,ind,ecy,0
SLV,nfm,ind,ecy,0
SLV,oen,ind,ecy,1.5072480000000001
SLV,omn,ind,ecy,7.74558
SLV,pow,pow,ecy,-19.426752
SLV,ral,tra,ecy,0
SLV,res,res,ecy,6.90822
SLV,rod,tra,ecy,0
SLV,srv,ind,ecy,6.280200000000001
ERI,cem,ind,ecy,0
ERI,cst,ind,ecy,0
ERI,avi,tra,ecy,0
ERI,nav,tra,ecy,0
ERI,foo,ind,ecy,0
ERI,irn,ind,ecy,0
ERI,mac,ind,ecy,0
ERI,mch,ind,ecy,0
ERI,nfm,ind,ecy,0
ERI,oen,ind,ecy,0
ERI,omn,ind,ecy,0.41868000000000005
ERI,pow,pow,ecy,-1.800324
ERI,ral,tra,ecy,0
ERI,res,res,ecy,0.586152
ERI,rod,tra,ecy,0
ERI,srv,ind,ecy,0.460548
EST,cem,ind,ecy,0.71175600000000006
EST,cst,ind,ecy,0.251208
EST,avi,tra,ecy,0
EST,nav,tra,ecy,0
EST,foo,ind,ecy,3.55878
EST,irn,ind,ecy,0
EST,mac,ind,ecy,1.4653800000000001
EST,mch,ind,ecy,0.502416
EST,nfm,ind,ecy,0
EST,oen,ind,ecy,0.460548
EST,omn,ind,ecy,2.595816
EST,pow,pow,ecy,-44.505684
EST,ral,tra,ecy,0.041868
EST,res,res,ecy,6.698880000000001
EST,rod,tra,ecy,0.041868
EST,srv,ind,ecy,10.550736
ETH,cem,ind,ecy,0
ETH,cst,ind,ecy,0
ETH,avi,tra,ecy,0
ETH,nav,tra,ecy,0
ETH,foo,ind,ecy,0
ETH,irn,ind,ecy,0
ETH,mac,ind,ecy,0
ETH,mch,ind,ecy,0
ETH,nfm,ind,ecy,0
ETH,oen,ind,ecy,0
ETH,omn,ind,ecy,8.666676
ETH,pow,pow,ecy,-48.859956000000004
ETH,ral,tra,ecy,0
ETH,res,res,ecy,15.156216
ETH,rod,tra,ecy,0
ETH,srv,ind,ecy,8.876016
FIN,cem,ind,ecy,2.8888920000000002
FIN,cst,ind,ecy,1.5072480000000001
FIN,avi,tra,ecy,0
FIN,nav,tra,ecy,0
FIN,foo,ind,ecy,18.798732
FIN,irn,ind,ecy,15.49116
FIN,mac,ind,ecy,9.462168
FIN,mch,ind,ecy,22.818060000000003
FIN,nfm,ind,ecy,6.950088
FIN,oen,ind,ecy,0
FIN,omn,ind,ecy,69.668352
FIN,pow,pow,ecy,-252.04536000000002
FIN,ral,tra,ecy,2.8888920000000002
FIN,res,res,ecy,81.85194
FIN,rod,tra,ecy,0.167472
FIN,srv,ind,ecy,65.52342
FRA,cem,ind,ecy,29.684412000000002
FRA,cst,ind,ecy,25.162668
FRA,avi,tra,ecy,0
FRA,nav,tra,ecy,0
FRA,foo,ind,ecy,120.872916
FRA,irn,ind,ecy,43.458984
FRA,mac,ind,ecy,72.934056
FRA,mch,ind,ecy,78.04195200000001
FRA,nfm,ind,ecy,29.642544
FRA,oen,ind,ecy,2.595816
FRA,omn,ind,ecy,76.744044
FRA,pow,pow,ecy,-2075.899176
FRA,ral,tra,ecy,33.201324
FRA,res,res,ecy,569.990952
FRA,rod,tra,ecy,0.962964
FRA,srv,ind,ecy,498.56414400000006
GAB,cem,ind,ecy,0
GAB,cst,ind,ecy,0.37681200000000004
GAB,avi,tra,ecy,0
GAB,nav,tra,ecy,0
GAB,foo,ind,ecy,1.6328520000000002
GAB,irn,ind,ecy,0
GAB,mac,ind,ecy,0
GAB,mch,ind,ecy,0.334944
GAB,nfm,ind,ecy,0
GAB,oen,ind,ecy,0.041868
GAB,omn,ind,ecy,0.083736
GAB,pow,pow,ecy,-8.122392
GAB,ral,tra,ecy,0.041868
GAB,res,res,ecy,4.1868
GAB,rod,tra,ecy,0
GAB,srv,ind,ecy,1.088568
GEO,cem,ind,ecy,0.921096
GEO,cst,ind,ecy,0.41868000000000005
GEO,avi,tra,ecy,0
GEO,nav,tra,ecy,0
GEO,foo,ind,ecy,1.214172
GEO,irn,ind,ecy,6.866352
GEO,mac,ind,ecy,0.041868
GEO,mch,ind,ecy,1.5909840000000002
GEO,nfm,ind,ecy,0
GEO,oen,ind,ecy,6.90822
GEO,omn,ind,ecy,1.130436
GEO,pow,pow,ecy,-43.75206
GEO,ral,tra,ecy,1.297908
GEO,res,res,ecy,8.959752
GEO,rod,tra,ecy,0
GEO,srv,ind,ecy,13.6071
DEU,cem,ind,ecy,45.719856
DEU,cst,ind,ecy,16.035444000000002
DEU,avi,tra,ecy,0
DEU,nav,tra,ecy,0
DEU,foo,ind,ecy,103.16275200000001
DEU,irn,ind,ecy,94.83102000000001
DEU,mac,ind,ecy,186.354468
DEU,mch,ind,ecy,199.207944
DEU,nfm,ind,ecy,56.814876000000005
DEU,oen,ind,ecy,0
DEU,omn,ind,ecy,145.826244
DEU,pow,pow,ecy,-2293.152228
DEU,ral,tra,ecy,42.705360000000006
DEU,res,res,ecy,461.510964
DEU,rod,tra,ecy,0.8373600000000001
DEU,srv,ind,ecy,493.539984
GHA,cem,ind,ecy,0
GHA,cst,ind,ecy,0
GHA,avi,tra,ecy,0
GHA,nav,tra,ecy,0
GHA,foo,ind,ecy,0
GHA,irn,ind,ecy,0
GHA,mac,ind,ecy,0
GHA,mch,ind,ecy,0
GHA,nfm,ind,ecy,0
GHA,oen,ind,ecy,0
GHA,omn,ind,ecy,14.611932000000001
GHA,pow,pow,ecy,-44.128872
GHA,ral,tra,ecy,0
GHA,res,res,ecy,23.23674
GHA,rod,tra,ecy,0
GHA,srv,ind,ecy,9.587772000000001
GIB,cem,ind,ecy,0
GIB,cst,ind,ecy,0
GIB,avi,tra,ecy,0
GIB,nav,tra,ecy,0
GIB,foo,ind,ecy,0
GIB,irn,ind,ecy,0
GIB,mac,ind,ecy,0
GIB,mch,ind,ecy,0
GIB,nfm,ind,ecy,0
GIB,oen,ind,ecy,0.62802
GIB,omn,ind,ecy,0
GIB,pow,pow,ecy,-0.7954920000000001
GIB,ral,tra,ecy,0
GIB,res,res,ecy,0
GIB,rod,tra,ecy,0
GIB,srv,ind,ecy,0.125604
GRC,cem,ind,ecy,4.1868
GRC,cst,ind,ecy,1.6747200000000002
GRC,avi,tra,ecy,0
GRC,nav,tra,ecy,0
GRC,foo,ind,ecy,14.6538
GRC,irn,ind,ecy,3.809988
GRC,mac,ind,ecy,2.260872
GRC,mch,ind,ecy,4.103064
GRC,nfm,ind,ecy,17.542692000000002
GRC,oen,ind,ecy,0
GRC,omn,ind,ecy,4.647348
GRC,pow,pow,ecy,-191.671704
GRC,ral,tra,ecy,0.62802
GRC,res,res,ecy,60.331788
GRC,rod,tra,ecy,0.083736
GRC,srv,ind,ecy,64.099908
GTM,cem,ind,ecy,0
GTM,cst,ind,ecy,0
GTM,avi,tra,ecy,0
GTM,nav,tra,ecy,0
GTM,foo,ind,ecy,0
GTM,irn,ind,ecy,0
GTM,mac,ind,ecy,0
GTM,mch,ind,ecy,0
GTM,nfm,ind,ecy,0
GTM,oen,ind,ecy,0
GTM,omn,ind,ecy,13.314024000000002
GTM,pow,pow,ecy,-50.827752000000004
GTM,ral,tra,ecy,0
GTM,res,res,ecy,13.230288000000002
GTM,rod,tra,ecy,0
GTM,srv,ind,ecy,10.257660000000001
HTI,cem,ind,ecy,0
HTI,cst,ind,ecy,0
HTI,avi,tra,ecy,0
HTI,nav,tra,ecy,0
HTI,foo,ind,ecy,0
HTI,irn,ind,ecy,0
HTI,mac,ind,ecy,0
HTI,mch,ind,ecy,0
HTI,nfm,ind,ecy,0
HTI,oen,ind,ecy,0
HTI,omn,ind,ecy,0.669888
HTI,pow,pow,ecy,-3.76812
HTI,ral,tra,ecy,0
HTI,res,res,ecy,0.71175600000000006
HTI,rod,tra,ecy,0
HTI,srv,ind,ecy,0.125604
HND,cem,ind,ecy,0
HND,cst,ind,ecy,0
HND,avi,tra,ecy,0
HND,nav,tra,ecy,0
HND,foo,ind,ecy,0
HND,irn,ind,ecy,0
HND,mac,ind,ecy,0
HND,mch,ind,ecy,0
HND,nfm,ind,ecy,0
HND,oen,ind,ecy,0
HND,omn,ind,ecy,7.661844
HND,pow,pow,ecy,-34.289892
HND,ral,tra,ecy,0
HND,res,res,ecy,8.876016
HND,rod,tra,ecy,0
HND,srv,ind,ecy,8.247996
HKG,cem,ind,ecy,0
HKG,cst,ind,ecy,0
HKG,avi,tra,ecy,0
HKG,nav,tra,ecy,0
HKG,foo,ind,ecy,0
HKG,irn,ind,ecy,0
HKG,mac,ind,ecy,0
HKG,mch,ind,ecy,0
HKG,nfm,ind,ecy,0
HKG,oen,ind,ecy,0.167472
HKG,omn,ind,ecy,11.09502
HKG,pow,pow,ecy,-131.591124
HKG,ral,tra,ecy,0
HKG,res,res,ecy,41.951736000000004
HKG,rod,tra,ecy,0
HKG,srv,ind,ecy,106.093512
HUN,cem,ind,ecy,5.149764
HUN,cst,ind,ecy,1.6747200000000002
HUN,avi,tra,ecy,0
HUN,nav,tra,ecy,0
HUN,foo,ind,ecy,13.983912
HUN,irn,ind,ecy,2.637684
HUN,mac,ind,ecy,16.495992
HUN,mch,ind,ecy,12.434796
HUN,nfm,ind,ecy,1.5909840000000002
HUN,oen,ind,ecy,0.251208
HUN,omn,ind,ecy,11.723040000000001
HUN,pow,pow,ecy,-115.220736
HUN,ral,tra,ecy,4.1868
HUN,res,res,ecy,40.946904
HUN,rod,tra,ecy,0.083736
HUN,srv,ind,ecy,30.731112000000003
ISL,cem,ind,ecy,0.62802
ISL,cst,ind,ecy,0.125604
ISL,avi,tra,ecy,0
ISL,nav,tra,ecy,0
ISL,foo,ind,ecy,3.391308
ISL,irn,ind,ecy,3.642516
ISL,mac,ind,ecy,0.041868
ISL,mch,ind,ecy,0.37681200000000004
ISL,nfm,ind,ecy,48.692484
ISL,oen,ind,ecy,0
ISL,omn,ind,ecy,0.083736
ISL,pow,pow,ecy,-71.38494
ISL,ral,tra,ecy,0
ISL,res,res,ecy,3.0563640000000003
ISL,rod,tra,ecy,0.083736
ISL,srv,ind,ecy,6.154596000000001
IND,cem,ind,ecy,6.112728000000001
IND,cst,ind,ecy,1.842192
IND,avi,tra,ecy,0
IND,nav,tra,ecy,0
IND,foo,ind,ecy,806.37768
IND,irn,ind,ecy,267.787728
IND,mac,ind,ecy,60.959808
IND,mch,ind,ecy,120.956652
IND,nfm,ind,ecy,44.421948
IND,oen,ind,ecy,235.381896
IND,omn,ind,ecy,1209.105972
IND,pow,pow,ecy,-5699.574576
IND,ral,tra,ecy,65.48155200000001
IND,res,res,ecy,1108.832112
IND,rod,tra,ecy,0
IND,srv,ind,ecy,397.494792
IDN,cem,ind,ecy,0
IDN,cst,ind,ecy,0
IDN,avi,tra,ecy,0
IDN,nav,tra,ecy,0
IDN,foo,ind,ecy,8.834148
IDN,irn,ind,ecy,0
IDN,mac,ind,ecy,0
IDN,mch,ind,ecy,0
IDN,nfm,ind,ecy,0
IDN,oen,ind,ecy,0
IDN,omn,ind,ecy,336.744324
IDN,pow,pow,ecy,-1021.5792
IDN,ral,tra,ecy,0
IDN,res,res,ecy,360.90216000000004
IDN,rod,tra,ecy,0
IDN,srv,ind,ecy,214.44789600000001
IRN,cem,ind,ecy,0
IRN,cst,ind,ecy,0
IRN,avi,tra,ecy,0
IRN,nav,tra,ecy,0
IRN,foo,ind,ecy,136.90836000000002
IRN,irn,ind,ecy,0
IRN,mac,ind,ecy,0
IRN,mch,ind,ecy,0
IRN,nfm,ind,ecy,0
IRN,oen,ind,ecy,17.961372
IRN,omn,ind,ecy,318.741084
IRN,pow,pow,ecy,-1115.4472560000002
IRN,ral,tra,ecy,0
IRN,res,res,ecy,306.348156
IRN,rod,tra,ecy,0
IRN,srv,ind,ecy,153.320616
IRQ,cem,ind,ecy,0
IRQ,cst,ind,ecy,0
IRQ,avi,tra,ecy,0
IRQ,nav,tra,ecy,0
IRQ,foo,ind,ecy,0
IRQ,irn,ind,ecy,0
IRQ,mac,ind,ecy,0
IRQ,mch,ind,ecy,0
IRQ,nfm,ind,ecy,0
IRQ,oen,ind,ecy,37.974276
IRQ,omn,ind,ecy,18.128844
IRQ,pow,pow,ecy,-297.011592
IRQ,ral,tra,ecy,0
IRQ,res,res,ecy,89.974332
IRQ,rod,tra,ecy,0
IRQ,srv,ind,ecy,8.959752
IRL,cem,ind,ecy,2.51208
IRL,cst,ind,ecy,0.251208
IRL,avi,tra,ecy,0
IRL,nav,tra,ecy,0
IRL,foo,ind,ecy,12.099852
IRL,irn,ind,ecy,0
IRL,mac,ind,ecy,6.698880000000001
IRL,mch,ind,ecy,9.964584
IRL,nfm,ind,ecy,2.9726280000000003
IRL,oen,ind,ecy,0
IRL,omn,ind,ecy,6.698880000000001
IRL,pow,pow,ecy,-111.24327600000001
IRL,ral,tra,ecy,0.167472
IRL,res,res,ecy,29.433204000000003
IRL,rod,tra,ecy,0.041868
IRL,srv,ind,ecy,26.879256
ISR,cem,ind,ecy,NA
ISR,cst,ind,ecy,NA
ISR,avi,tra,ecy,0
ISR,nav,tra,ecy,0
ISR,foo,ind,ecy,19.510488000000002
ISR,irn,ind,ecy,1.800324
ISR,mac,ind,ecy,11.806776000000001
ISR,mch,ind,ecy,8.79228
ISR,nfm,ind,ecy,0
ISR,oen,ind,ecy,14.570064
ISR,omn,ind,ecy,19.217412
ISR,pow,pow,ecy,-247.43988000000002
ISR,ral,tra,ecy,0
ISR,res,res,ecy,66.695724
ISR,rod,tra,ecy,0
ISR,srv,ind,ecy,64.560456
ITA,cem,ind,ecy,32.154624
ITA,cst,ind,ecy,5.107896
ITA,avi,tra,ecy,0
ITA,nav,tra,ecy,0
ITA,foo,ind,ecy,76.911516
ITA,irn,ind,ecy,68.077368
ITA,mac,ind,ecy,88.927632
ITA,mch,ind,ecy,54.302796
ITA,nfm,ind,ecy,9.085356
ITA,oen,ind,ecy,0
ITA,omn,ind,ecy,104.33505600000001
ITA,pow,pow,ecy,-1036.777284
ITA,ral,tra,ecy,20.515320000000003
ITA,res,res,ecy,234.502668
ITA,rod,tra,ecy,0.37681200000000004
ITA,srv,ind,ecy,340.1775
JAM,cem,ind,ecy,2.0934
JAM,cst,ind,ecy,0
JAM,avi,tra,ecy,0
JAM,nav,tra,ecy,0
JAM,foo,ind,ecy,1.381644
JAM,irn,ind,ecy,0
JAM,mac,ind,ecy,0
JAM,mch,ind,ecy,1.758456
JAM,nfm,ind,ecy,0
JAM,oen,ind,ecy,0
JAM,omn,ind,ecy,1.130436
JAM,pow,pow,ecy,-15.826104
JAM,ral,tra,ecy,0
JAM,res,res,ecy,3.851856
JAM,rod,tra,ecy,0
JAM,srv,ind,ecy,1.4235120000000001
JPN,cem,ind,ecy,63.22068
JPN,cst,ind,ecy,22.441248
JPN,avi,tra,ecy,0
JPN,nav,tra,ecy,0
JPN,foo,ind,ecy,112.87612800000001
JPN,irn,ind,ecy,252.63151200000001
JPN,mac,ind,ecy,283.697568
JPN,mch,ind,ecy,201.80376
JPN,nfm,ind,ecy,46.347876
JPN,oen,ind,ecy,0
JPN,omn,ind,ecy,268.03893600000004
JPN,pow,pow,ecy,-3781.350288
JPN,ral,tra,ecy,62.843868
JPN,res,res,ecy,938.5968240000001
JPN,rod,tra,ecy,NA
JPN,srv,ind,ecy,1151.3700000000001
JOR,cem,ind,ecy,1.381644
JOR,cst,ind,ecy,0
JOR,avi,tra,ecy,0
JOR,nav,tra,ecy,0
JOR,foo,ind,ecy,9.713376
JOR,irn,ind,ecy,0
JOR,mac,ind,ecy,0
JOR,mch,ind,ecy,2.051532
JOR,nfm,ind,ecy,0
JOR,oen,ind,ecy,0
JOR,omn,ind,ecy,10.04832
JOR,pow,pow,ecy,-73.72954800000001
JOR,ral,tra,ecy,0
JOR,res,res,ecy,28.428372000000003
JOR,rod,tra,ecy,0
JOR,srv,ind,ecy,11.220624
KAZ,cem,ind,ecy,5.9452560000000005
KAZ,cst,ind,ecy,2.009664
KAZ,avi,tra,ecy,0
KAZ,nav,tra,ecy,0
KAZ,foo,ind,ecy,8.708544
KAZ,irn,ind,ecy,81.68446800000001
KAZ,mac,ind,ecy,2.51208
KAZ,mch,ind,ecy,35.043516000000004
KAZ,nfm,ind,ecy,47.52018
KAZ,oen,ind,ecy,0
KAZ,omn,ind,ecy,0.921096
KAZ,pow,pow,ecy,-387.36273600000004
KAZ,ral,tra,ecy,11.639304000000001
KAZ,res,res,ecy,63.764964000000006
KAZ,rod,tra,ecy,0
KAZ,srv,ind,ecy,29.433204000000003
KEN,cem,ind,ecy,0
KEN,cst,ind,ecy,0
KEN,avi,tra,ecy,0
KEN,nav,tra,ecy,0
KEN,foo,ind,ecy,0.41868000000000005
KEN,irn,ind,ecy,0
KEN,mac,ind,ecy,0
KEN,mch,ind,ecy,0
KEN,nfm,ind,ecy,0
KEN,oen,ind,ecy,0
KEN,omn,ind,ecy,15.700500000000002
KEN,pow,pow,ecy,-42.370416000000006
KEN,ral,tra,ecy,0
KEN,res,res,ecy,10.801944
KEN,rod,tra,ecy,0
KEN,srv,ind,ecy,4.81482
KOR,cem,ind,ecy,46.431612
KOR,cst,ind,ecy,0
KOR,avi,tra,ecy,0
KOR,nav,tra,ecy,0
KOR,foo,ind,ecy,108.898668
KOR,irn,ind,ecy,199.9197
KOR,mac,ind,ecy,385.01812800000005
KOR,mch,ind,ecy,196.863336
KOR,nfm,ind,ecy,32.531436
KOR,oen,ind,ecy,0
KOR,omn,ind,ecy,94.496076
KOR,pow,pow,ecy,-2109.895992
KOR,ral,tra,ecy,10.508868000000001
KOR,res,res,ecy,243.504288
KOR,rod,tra,ecy,0.167472
KOR,srv,ind,ecy,594.5674680000001
KOSOVO,cem,ind,ecy,0.20934000000000003
KOSOVO,cst,ind,ecy,0
KOSOVO,avi,tra,ecy,0
KOSOVO,nav,tra,ecy,0
KOSOVO,foo,ind,ecy,1.6747200000000002
KOSOVO,irn,ind,ecy,1.5491160000000002
KOSOVO,mac,ind,ecy,0.041868
KOSOVO,mch,ind,ecy,0
KOSOVO,nfm,ind,ecy,0.041868
KOSOVO,oen,ind,ecy,0
KOSOVO,omn,ind,ecy,0.41868000000000005
KOSOVO,pow,pow,ecy,-21.310812000000002
KOSOVO,ral,tra,ecy,0
KOSOVO,res,res,ecy,8.499204
KOSOVO,rod,tra,ecy,0
KOSOVO,srv,ind,ecy,3.391308
KWT,cem,ind,ecy,0
KWT,cst,ind,ecy,0
KWT,avi,tra,ecy,0
KWT,nav,tra,ecy,0
KWT,foo,ind,ecy,5.066028
KWT,irn,ind,ecy,0
KWT,mac,ind,ecy,0
KWT,mch,ind,ecy,0
KWT,nfm,ind,ecy,0
KWT,oen,ind,ecy,0
KWT,omn,ind,ecy,30.898584000000003
KWT,pow,pow,ecy,-266.782896
KWT,ral,tra,ecy,0
KWT,res,res,ecy,107.558892
KWT,rod,tra,ecy,0
KWT,srv,ind,ecy,32.991984
KGZ,cem,ind,ecy,3.97746
KGZ,cst,ind,ecy,0.669888
KGZ,avi,tra,ecy,0
KGZ,nav,tra,ecy,0
KGZ,foo,ind,ecy,1.716588
KGZ,irn,ind,ecy,0
KGZ,mac,ind,ecy,0.167472
KGZ,mch,ind,ecy,0.41868000000000005
KGZ,nfm,ind,ecy,0.293076
KGZ,oen,ind,ecy,0.586152
KGZ,omn,ind,ecy,2.679552
KGZ,pow,pow,ecy,-55.89378000000001
KGZ,ral,tra,ecy,0.041868
KGZ,res,res,ecy,28.67958
KGZ,rod,tra,ecy,0.083736
KGZ,srv,ind,ecy,3.433176
LAO,cem,ind,ecy,0
LAO,cst,ind,ecy,0
LAO,avi,tra,ecy,0
LAO,nav,tra,ecy,0
LAO,foo,ind,ecy,0.083736
LAO,irn,ind,ecy,0
LAO,mac,ind,ecy,0
LAO,mch,ind,ecy,0
LAO,nfm,ind,ecy,0
LAO,oen,ind,ecy,0
LAO,omn,ind,ecy,8.16426
LAO,pow,pow,ecy,-123.88741200000001
LAO,ral,tra,ecy,0
LAO,res,res,ecy,6.866352
LAO,rod,tra,ecy,0
LAO,srv,ind,ecy,4.1868
LVA,cem,ind,ecy,1.004832
LVA,cst,ind,ecy,0.251208
LVA,avi,tra,ecy,0
LVA,nav,tra,ecy,0
LVA,foo,ind,ecy,4.60548
LVA,irn,ind,ecy,0.041868
LVA,mac,ind,ecy,0.502416
LVA,mch,ind,ecy,0.334944
LVA,nfm,ind,ecy,0
LVA,oen,ind,ecy,0
LVA,omn,ind,ecy,0.544284
LVA,pow,pow,ecy,-24.199704
LVA,ral,tra,ecy,0.251208
LVA,res,res,ecy,6.028992000000001
LVA,rod,tra,ecy,0.083736
LVA,srv,ind,ecy,10.299528
LBN,cem,ind,ecy,0
LBN,cst,ind,ecy,0
LBN,avi,tra,ecy,0
LBN,nav,tra,ecy,0
LBN,foo,ind,ecy,0
LBN,irn,ind,ecy,0
LBN,mac,ind,ecy,0
LBN,mch,ind,ecy,0
LBN,nfm,ind,ecy,0
LBN,oen,ind,ecy,12.895344000000001
LBN,omn,ind,ecy,17.919504
LBN,pow,pow,ecy,-76.450968
LBN,ral,tra,ecy,0
LBN,res,res,ecy,26.041896
LBN,rod,tra,ecy,0
LBN,srv,ind,ecy,11.429964
LBY,cem,ind,ecy,0
LBY,cst,ind,ecy,0
LBY,avi,tra,ecy,0
LBY,nav,tra,ecy,0
LBY,foo,ind,ecy,4.563612
LBY,irn,ind,ecy,0
LBY,mac,ind,ecy,0
LBY,mch,ind,ecy,0
LBY,nfm,ind,ecy,0
LBY,oen,ind,ecy,15.700500000000002
LBY,omn,ind,ecy,4.228668
LBY,pow,pow,ecy,-123.00818400000001
LBY,ral,tra,ecy,0
LBY,res,res,ecy,31.945284
LBY,rod,tra,ecy,0
LBY,srv,ind,ecy,6.991956
LTU,cem,ind,ecy,1.004832
LTU,cst,ind,ecy,0.586152
LTU,avi,tra,ecy,0
LTU,nav,tra,ecy,0
LTU,foo,ind,ecy,4.772952
LTU,irn,ind,ecy,0.041868
LTU,mac,ind,ecy,0.921096
LTU,mch,ind,ecy,3.0144960000000003
LTU,nfm,ind,ecy,0
LTU,oen,ind,ecy,0
LTU,omn,ind,ecy,3.684384
LTU,pow,pow,ecy,-9.922716000000001
LTU,ral,tra,ecy,0.041868
LTU,res,res,ecy,10.760076
LTU,rod,tra,ecy,0.125604
LTU,srv,ind,ecy,12.35106
LUX,cem,ind,ecy,0.7954920000000001
LUX,cst,ind,ecy,0.71175600000000006
LUX,avi,tra,ecy,0
LUX,nav,tra,ecy,0
LUX,foo,ind,ecy,0.71175600000000006
LUX,irn,ind,ecy,5.8196520000000005
LUX,mac,ind,ecy,0.334944
LUX,mch,ind,ecy,1.297908
LUX,nfm,ind,ecy,0
LUX,oen,ind,ecy,0
LUX,omn,ind,ecy,1.4653800000000001
LUX,pow,pow,ecy,-3.433176
LUX,ral,tra,ecy,0.502416
LUX,res,res,ecy,3.3494400000000004
LUX,rod,tra,ecy,0
LUX,srv,ind,ecy,8.122392
MYS,cem,ind,ecy,0
MYS,cst,ind,ecy,0
MYS,avi,tra,ecy,0
MYS,nav,tra,ecy,0
MYS,foo,ind,ecy,2.219004
MYS,irn,ind,ecy,0
MYS,mac,ind,ecy,0
MYS,mch,ind,ecy,0
MYS,nfm,ind,ecy,0
MYS,oen,ind,ecy,0
MYS,omn,ind,ecy,274.109796
MYS,pow,pow,ecy,-613.701144
MYS,ral,tra,ecy,1.716588
MYS,res,res,ecy,106.889004
MYS,rod,tra,ecy,0
MYS,srv,ind,ecy,165.713544
MLT,cem,ind,ecy,0.041868
MLT,cst,ind,ecy,0.083736
MLT,avi,tra,ecy,0
MLT,nav,tra,ecy,0
MLT,foo,ind,ecy,0.293076
MLT,irn,ind,ecy,0
MLT,mac,ind,ecy,0.502416
MLT,mch,ind,ecy,0.167472
MLT,nfm,ind,ecy,0
MLT,oen,ind,ecy,0.083736
MLT,omn,ind,ecy,0.669888
MLT,pow,pow,ecy,-7.075692
MLT,ral,tra,ecy,0
MLT,res,res,ecy,2.72142
MLT,rod,tra,ecy,0
MLT,srv,ind,ecy,4.019328
MAURITIUS,cem,ind,ecy,0
MAURITIUS,cst,ind,ecy,0
MAURITIUS,avi,tra,ecy,0
MAURITIUS,nav,tra,ecy,0
MAURITIUS,foo,ind,ecy,0.083736
MAURITIUS,irn,ind,ecy,0
MAURITIUS,mac,ind,ecy,0
MAURITIUS,mch,ind,ecy,0
MAURITIUS,nfm,ind,ecy,0
MAURITIUS,oen,ind,ecy,0.083736
MAURITIUS,omn,ind,ecy,3.600648
MAURITIUS,pow,pow,ecy,-11.262492
MAURITIUS,ral,tra,ecy,0
MAURITIUS,res,res,ecy,3.2238360000000004
MAURITIUS,rod,tra,ecy,0
MAURITIUS,srv,ind,ecy,3.433176
YUG,cem,ind,ecy,7.74558
YUG,cst,ind,ecy,2.0934
YUG,avi,tra,ecy,0
YUG,nav,tra,ecy,0
YUG,foo,ind,ecy,17.417088
YUG,irn,ind,ecy,15.449292000000002
YUG,mac,ind,ecy,12.518532
YUG,mch,ind,ecy,12.099852
YUG,nfm,ind,ecy,15.365556000000002
YUG,oen,ind,ecy,0
YUG,omn,ind,ecy,16.412256
YUG,pow,pow,ecy,-362.702484
YUG,ral,tra,ecy,3.3494400000000004
YUG,res,res,ecy,123.468732
YUG,rod,tra,ecy,0
YUG,srv,ind,ecy,71.761752
G20,cem,ind,ecy,2016.237276
G20,cst,ind,ecy,678.638412
G20,avi,tra,ecy,0
G20,nav,tra,ecy,0
G20,foo,ind,ecy,4009.5308880000002
G20,irn,ind,ecy,3970.1749680000003
G20,mac,ind,ecy,4290.84198
G20,mch,ind,ecy,5521.886784
G20,nfm,ind,ecy,3695.8977000000004
G20,oen,ind,ecy,3444.438492
G20,omn,ind,ecy,6708.216564
G20,pow,pow,ecy,-80705.38482
G20,ral,tra,ecy,890.6160960000001
G20,res,res,ecy,17563.123584
G20,rod,tra,ecy,233.539704
G20,srv,ind,ecy,14795.774388000002
GREENLAND,cem,ind,ecy,0
GREENLAND,cst,ind,ecy,0.041868
GREENLAND,avi,tra,ecy,0
GREENLAND,nav,tra,ecy,0
GREENLAND,foo,ind,ecy,0.167472
GREENLAND,irn,ind,ecy,0
GREENLAND,mac,ind,ecy,0
GREENLAND,mch,ind,ecy,0
GREENLAND,nfm,ind,ecy,0
GREENLAND,oen,ind,ecy,0.041868
GREENLAND,omn,ind,ecy,0
GREENLAND,pow,pow,ecy,-1.88406
GREENLAND,ral,tra,ecy,0
GREENLAND,res,res,ecy,0.37681200000000004
GREENLAND,rod,tra,ecy,0
GREENLAND,srv,ind,ecy,0.586152
MALI,cem,ind,ecy,0
MALI,cst,ind,ecy,0
MALI,avi,tra,ecy,0
MALI,nav,tra,ecy,0
MALI,foo,ind,ecy,0
MALI,irn,ind,ecy,0
MALI,mac,ind,ecy,0
MALI,mch,ind,ecy,3.893724
MALI,nfm,ind,ecy,0
MALI,oen,ind,ecy,0.167472
MALI,omn,ind,ecy,0
MALI,pow,pow,ecy,-13.146552000000002
MALI,ral,tra,ecy,0
MALI,res,res,ecy,4.312404
MALI,rod,tra,ecy,0
MALI,srv,ind,ecy,2.177136
NOC,cem,ind,ecy,1616.816556
NOC,cst,ind,ecy,396.406224
NOC,avi,tra,ecy,0
NOC,nav,tra,ecy,0
NOC,foo,ind,ecy,3070.264176
NOC,irn,ind,ecy,3196.41246
NOC,mac,ind,ecy,2843.548956
NOC,mch,ind,ecy,3974.2361640000004
NOC,nfm,ind,ecy,3115.6909560000004
NOC,oen,ind,ecy,2842.544124
NOC,omn,ind,ecy,6284.093724
NOC,pow,pow,ecy,-55597.438296
NOC,ral,tra,ecy,654.7736520000001
NOC,res,res,ecy,10746.761976
NOC,rod,tra,ecy,204.190236
NOC,srv,ind,ecy,6243.900444000001
OTO,cem,ind,ecy,597.833172
OTO,cst,ind,ecy,330.25478400000003
OTO,avi,tra,ecy,0
OTO,nav,tra,ecy,0
OTO,foo,ind,ecy,1765.657296
OTO,irn,ind,ecy,1255.5375840000002
OTO,mac,ind,ecy,1893.9408480000002
OTO,mch,ind,ecy,2186.933112
OTO,nfm,ind,ecy,945.756252
OTO,oen,ind,ecy,989.6339160000001
OTO,omn,ind,ecy,2721.5456040000004
OTO,pow,pow,ecy,-40216.600476
OTO,ral,tra,ecy,319.410972
OTO,res,res,ecy,10882.037484
OTO,rod,tra,ecy,34.248024
OTO,srv,ind,ecy,11031.966792000001
MPALESTINE,cem,ind,ecy,0
MPALESTINE,cst,ind,ecy,0
MPALESTINE,avi,tra,ecy,0
MPALESTINE,nav,tra,ecy,0
MPALESTINE,foo,ind,ecy,0.125604
MPALESTINE,irn,ind,ecy,0
MPALESTINE,mac,ind,ecy,0
MPALESTINE,mch,ind,ecy,0
MPALESTINE,nfm,ind,ecy,0
MPALESTINE,oen,ind,ecy,0
MPALESTINE,omn,ind,ecy,2.553948
MPALESTINE,pow,pow,ecy,-1.5072480000000001
MPALESTINE,ral,tra,ecy,0
MPALESTINE,res,res,ecy,12.099852
MPALESTINE,rod,tra,ecy,0
MPALESTINE,srv,ind,ecy,5.317236
MUGANDA,cem,ind,ecy,0
MUGANDA,cst,ind,ecy,0
MUGANDA,avi,tra,ecy,0
MUGANDA,nav,tra,ecy,0
MUGANDA,foo,ind,ecy,0
MUGANDA,irn,ind,ecy,5.191632
MUGANDA,mac,ind,ecy,0
MUGANDA,mch,ind,ecy,0
MUGANDA,nfm,ind,ecy,0
MUGANDA,oen,ind,ecy,0
MUGANDA,omn,ind,ecy,1.716588
MUGANDA,pow,pow,ecy,-16.244784
MUGANDA,ral,tra,ecy,0
MUGANDA,res,res,ecy,2.428344
MUGANDA,rod,tra,ecy,0
MUGANDA,srv,ind,ecy,1.339776
MEX,cem,ind,ecy,41.658660000000005
MEX,cst,ind,ecy,2.009664
MEX,avi,tra,ecy,0
MEX,nav,tra,ecy,0
MEX,foo,ind,ecy,53.046756
MEX,irn,ind,ecy,18.882468
MEX,mac,ind,ecy,9.880848
MEX,mch,ind,ecy,67.449348
MEX,nfm,ind,ecy,3.0563640000000003
MEX,oen,ind,ecy,113.83909200000001
MEX,omn,ind,ecy,387.57207600000004
MEX,pow,pow,ecy,-1208.10114
MEX,ral,tra,ecy,3.851856
MEX,res,res,ecy,227.80378800000003
MEX,rod,tra,ecy,NA
MEX,srv,ind,ecy,91.146636
MNG,cem,ind,ecy,0
MNG,cst,ind,ecy,0
MNG,avi,tra,ecy,0
MNG,nav,tra,ecy,0
MNG,foo,ind,ecy,0.251208
MNG,irn,ind,ecy,0
MNG,mac,ind,ecy,0
MNG,mch,ind,ecy,0
MNG,nfm,ind,ecy,0
MNG,oen,ind,ecy,3.0144960000000003
MNG,omn,ind,ecy,14.402592
MNG,pow,pow,ecy,-23.529816
MNG,ral,tra,ecy,0
MNG,res,res,ecy,5.568444
MNG,rod,tra,ecy,0
MNG,srv,ind,ecy,0
MNE,cem,ind,ecy,0.041868
MNE,cst,ind,ecy,0
MNE,avi,tra,ecy,0
MNE,nav,tra,ecy,0
MNE,foo,ind,ecy,0.20934000000000003
MNE,irn,ind,ecy,0.125604
MNE,mac,ind,ecy,0.041868
MNE,mch,ind,ecy,0.041868
MNE,nfm,ind,ecy,2.135268
MNE,oen,ind,ecy,0
MNE,omn,ind,ecy,0.125604
MNE,pow,pow,ecy,-13.732704
MNE,ral,tra,ecy,0.083736
MNE,res,res,ecy,4.563612
MNE,rod,tra,ecy,0
MNE,srv,ind,ecy,2.8888920000000002
MAR,cem,ind,ecy,8.457336
MAR,cst,ind,ecy,1.088568
MAR,avi,tra,ecy,0
MAR,nav,tra,ecy,0
MAR,foo,ind,ecy,18.63126
MAR,irn,ind,ecy,0
MAR,mac,ind,ecy,3.0144960000000003
MAR,mch,ind,ecy,14.360724000000001
MAR,nfm,ind,ecy,5.149764
MAR,oen,ind,ecy,0
MAR,omn,ind,ecy,4.898556
MAR,pow,pow,ecy,-123.21752400000001
MAR,ral,tra,ecy,1.339776
MAR,res,res,ecy,40.025808000000005
MAR,rod,tra,ecy,0
MAR,srv,ind,ecy,20.30598
MOZ,cem,ind,ecy,0
MOZ,cst,ind,ecy,0
MOZ,avi,tra,ecy,0
MOZ,nav,tra,ecy,0
MOZ,foo,ind,ecy,0.083736
MOZ,irn,ind,ecy,0
MOZ,mac,ind,ecy,0
MOZ,mch,ind,ecy,0
MOZ,nfm,ind,ecy,29.684412000000002
MOZ,oen,ind,ecy,1.6747200000000002
MOZ,omn,ind,ecy,7.53624
MOZ,pow,pow,ecy,-59.954976
MOZ,ral,tra,ecy,0
MOZ,res,res,ecy,5.400972
MOZ,rod,tra,ecy,0
MOZ,srv,ind,ecy,1.4653800000000001
MMR,cem,ind,ecy,0
MMR,cst,ind,ecy,0
MMR,avi,tra,ecy,0
MMR,nav,tra,ecy,0
MMR,foo,ind,ecy,0
MMR,irn,ind,ecy,0
MMR,mac,ind,ecy,0
MMR,mch,ind,ecy,0
MMR,nfm,ind,ecy,0
MMR,oen,ind,ecy,0.460548
MMR,omn,ind,ecy,25.623216000000003
MMR,pow,pow,ecy,-88.38334800000001
MMR,ral,tra,ecy,0
MMR,res,res,ecy,28.051560000000002
MMR,rod,tra,ecy,0
MMR,srv,ind,ecy,12.602268
NAM,cem,ind,ecy,0
NAM,cst,ind,ecy,0
NAM,avi,tra,ecy,0
NAM,nav,tra,ecy,0
NAM,foo,ind,ecy,0
NAM,irn,ind,ecy,0
NAM,mac,ind,ecy,0
NAM,mch,ind,ecy,1.5909840000000002
NAM,nfm,ind,ecy,0
NAM,oen,ind,ecy,12.895344000000001
NAM,omn,ind,ecy,0.502416
NAM,pow,pow,ecy,-4.312404
NAM,ral,tra,ecy,0
NAM,res,res,ecy,0
NAM,rod,tra,ecy,0
NAM,srv,ind,ecy,0
NPL,cem,ind,ecy,0
NPL,cst,ind,ecy,0
NPL,avi,tra,ecy,0
NPL,nav,tra,ecy,0
NPL,foo,ind,ecy,0.62802
NPL,irn,ind,ecy,0
NPL,mac,ind,ecy,0
NPL,mch,ind,ecy,0
NPL,nfm,ind,ecy,0
NPL,oen,ind,ecy,1.0467
NPL,omn,ind,ecy,8.79228
NPL,pow,pow,ecy,-17.668296
NPL,ral,tra,ecy,0
NPL,res,res,ecy,10.257660000000001
NPL,rod,tra,ecy,0
NPL,srv,ind,ecy,2.679552
NLD,cem,ind,ecy,4.81482
NLD,cst,ind,ecy,3.726252
NLD,avi,tra,ecy,0
NLD,nav,tra,ecy,0
NLD,foo,ind,ecy,60.876072
NLD,irn,ind,ecy,9.00162
NLD,mac,ind,ecy,13.900176
NLD,mch,ind,ecy,47.52018
NLD,nfm,ind,ecy,8.038656
NLD,oen,ind,ecy,0
NLD,omn,ind,ecy,17.58456
NLD,pow,pow,ecy,-412.10672400000004
NLD,ral,tra,ecy,5.8196520000000005
NLD,res,res,ecy,82.6893
NLD,rod,tra,ecy,1.800324
NLD,srv,ind,ecy,132.84716400000002
NZL,cem,ind,ecy,0.962964
NZL,cst,ind,ecy,1.339776
NZL,avi,tra,ecy,0
NZL,nav,tra,ecy,0
NZL,foo,ind,ecy,23.613552000000002
NZL,irn,ind,ecy,4.731084
NZL,mac,ind,ecy,0.502416
NZL,mch,ind,ecy,2.72142
NZL,nfm,ind,ecy,18.254448
NZL,oen,ind,ecy,1.800324
NZL,omn,ind,ecy,6.531408000000001
NZL,pow,pow,ecy,-159.768288
NZL,ral,tra,ecy,0
NZL,res,res,ecy,45.21744
NZL,rod,tra,ecy,NA
NZL,srv,ind,ecy,33.954948
NIC,cem,ind,ecy,0
NIC,cst,ind,ecy,0
NIC,avi,tra,ecy,0
NIC,nav,tra,ecy,0
NIC,foo,ind,ecy,0.460548
NIC,irn,ind,ecy,0
NIC,mac,ind,ecy,0
NIC,mch,ind,ecy,0
NIC,nfm,ind,ecy,0
NIC,oen,ind,ecy,0.460548
NIC,omn,ind,ecy,3.851856
NIC,pow,pow,ecy,-16.705332000000002
NIC,ral,tra,ecy,0
NIC,res,res,ecy,4.479876
NIC,rod,tra,ecy,0
NIC,srv,ind,ecy,4.144932
NER,cem,ind,ecy,0
NER,cst,ind,ecy,0
NER,avi,tra,ecy,0
NER,nav,tra,ecy,0
NER,foo,ind,ecy,0.041868
NER,irn,ind,ecy,0
NER,mac,ind,ecy,0
NER,mch,ind,ecy,0
NER,nfm,ind,ecy,0
NER,oen,ind,ecy,0
NER,omn,ind,ecy,1.381644
NER,pow,pow,ecy,-2.177136
NER,ral,tra,ecy,0
NER,res,res,ecy,2.9726280000000003
NER,rod,tra,ecy,0
NER,srv,ind,ecy,0.544284
NGA,cem,ind,ecy,0
NGA,cst,ind,ecy,0
NGA,avi,tra,ecy,0
NGA,nav,tra,ecy,0
NGA,foo,ind,ecy,0
NGA,irn,ind,ecy,0
NGA,mac,ind,ecy,0
NGA,mch,ind,ecy,0
NGA,nfm,ind,ecy,0
NGA,oen,ind,ecy,0
NGA,omn,ind,ecy,13.272156
NGA,pow,pow,ecy,-130.58629200000001
NGA,ral,tra,ecy,0
NGA,res,res,ecy,55.977516
NGA,rod,tra,ecy,0
NGA,srv,ind,ecy,25.497612
MKD,cem,ind,ecy,0.502416
MKD,cst,ind,ecy,0.083736
MKD,avi,tra,ecy,0
MKD,nav,tra,ecy,0
MKD,foo,ind,ecy,0.71175600000000006
MKD,irn,ind,ecy,2.553948
MKD,mac,ind,ecy,0.544284
MKD,mch,ind,ecy,0.8373600000000001
MKD,nfm,ind,ecy,0.041868
MKD,oen,ind,ecy,0
MKD,omn,ind,ecy,0.460548
MKD,pow,pow,ecy,-20.180376000000003
MKD,ral,tra,ecy,0.041868
MKD,res,res,ecy,10.801944
MKD,rod,tra,ecy,0
MKD,srv,ind,ecy,5.44284
NOR,cem,ind,ecy,3.516912
NOR,cst,ind,ecy,5.107896
NOR,avi,tra,ecy,0
NOR,nav,tra,ecy,0
NOR,foo,ind,ecy,20.515320000000003
NOR,irn,ind,ecy,19.594224
NOR,mac,ind,ecy,5.191632
NOR,mch,ind,ecy,28.930788000000003
NOR,nfm,ind,ecy,77.95821600000001
NOR,oen,ind,ecy,0
NOR,omn,ind,ecy,15.951708000000002
NOR,pow,pow,ecy,-525.02472
NOR,ral,tra,ecy,2.0934
NOR,res,res,ecy,145.07262
NOR,rod,tra,ecy,1.716588
NOR,srv,ind,ecy,91.607184
OEU,cem,ind,ecy,300.40290000000005
OEU,cst,ind,ecy,114.09030000000001
OEU,avi,tra,ecy,0
OEU,nav,tra,ecy,0
OEU,foo,ind,ecy,813.872052
OEU,irn,ind,ecy,520.921656
OEU,mac,ind,ecy,675.623916
OEU,mch,ind,ecy,785.276208
OEU,nfm,ind,ecy,368.01972
OEU,oen,ind,ecy,7.74558
OEU,omn,ind,ecy,1008.6419880000001
OEU,pow,pow,ecy,-13157.228340000001
OEU,ral,tra,ecy,203.47848000000002
OEU,res,res,ecy,3214.876248
OEU,rod,tra,ecy,8.3736
OEU,srv,ind,ecy,3322.0164600000003
OMN,cem,ind,ecy,0
OMN,cst,ind,ecy,0
OMN,avi,tra,ecy,0
OMN,nav,tra,ecy,0
OMN,foo,ind,ecy,1.88406
OMN,irn,ind,ecy,0
OMN,mac,ind,ecy,0
OMN,mch,ind,ecy,0
OMN,nfm,ind,ecy,0
OMN,oen,ind,ecy,0
OMN,omn,ind,ecy,18.589392
OMN,pow,pow,ecy,-135.610452
OMN,ral,tra,ecy,0
OMN,res,res,ecy,55.182024000000006
OMN,rod,tra,ecy,0
OMN,srv,ind,ecy,45.133704
PAK,cem,ind,ecy,0
PAK,cst,ind,ecy,0
PAK,avi,tra,ecy,0
PAK,nav,tra,ecy,0
PAK,foo,ind,ecy,41.44932
PAK,irn,ind,ecy,0
PAK,mac,ind,ecy,0
PAK,mch,ind,ecy,0
PAK,nfm,ind,ecy,0
PAK,oen,ind,ecy,0
PAK,omn,ind,ecy,112.37371200000001
PAK,pow,pow,ecy,-537.082704
PAK,ral,tra,ecy,0
PAK,res,res,ecy,221.021172
PAK,rod,tra,ecy,0
PAK,srv,ind,ecy,62.59266
PAN,cem,ind,ecy,0
PAN,cst,ind,ecy,0
PAN,avi,tra,ecy,0
PAN,nav,tra,ecy,0
PAN,foo,ind,ecy,0
PAN,irn,ind,ecy,0
PAN,mac,ind,ecy,0
PAN,mch,ind,ecy,0
PAN,nfm,ind,ecy,0
PAN,oen,ind,ecy,0.041868
PAN,omn,ind,ecy,3.55878
PAN,pow,pow,ecy,-40.40262
PAN,ral,tra,ecy,0
PAN,res,res,ecy,10.467
PAN,rod,tra,ecy,0
PAN,srv,ind,ecy,19.343016000000002
PRY,cem,ind,ecy,0
PRY,cst,ind,ecy,0
PRY,avi,tra,ecy,0
PRY,nav,tra,ecy,0
PRY,foo,ind,ecy,0
PRY,irn,ind,ecy,0
PRY,mac,ind,ecy,0
PRY,mch,ind,ecy,0
PRY,nfm,ind,ecy,0
PRY,oen,ind,ecy,0
PRY,omn,ind,ecy,8.750412
PRY,pow,pow,ecy,-213.149988
PRY,ral,tra,ecy,0
PRY,res,res,ecy,19.343016000000002
PRY,rod,tra,ecy,0
PRY,srv,ind,ecy,16.872804000000002
PER,cem,ind,ecy,0
PER,cst,ind,ecy,0
PER,avi,tra,ecy,0
PER,nav,tra,ecy,0
PER,foo,ind,ecy,5.610312
PER,irn,ind,ecy,57.024216
PER,mac,ind,ecy,0
PER,mch,ind,ecy,0
PER,nfm,ind,ecy,0
PER,oen,ind,ecy,0
PER,omn,ind,ecy,43.12404
PER,pow,pow,ecy,-197.8263
PER,ral,tra,ecy,0
PER,res,res,ecy,35.755272000000005
PER,rod,tra,ecy,0
PER,srv,ind,ecy,31.987152000000002
PHL,cem,ind,ecy,8.206128
PHL,cst,ind,ecy,1.004832
PHL,avi,tra,ecy,0
PHL,nav,tra,ecy,0
PHL,foo,ind,ecy,31.735944000000003
PHL,irn,ind,ecy,21.938832
PHL,mac,ind,ecy,26.921124000000002
PHL,mch,ind,ecy,9.880848
PHL,nfm,ind,ecy,0
PHL,oen,ind,ecy,0
PHL,omn,ind,ecy,9.127224
PHL,pow,pow,ecy,-357.092172
PHL,ral,tra,ecy,0.37681200000000004
PHL,res,res,ecy,101.73924000000001
PHL,rod,tra,ecy,0
PHL,srv,ind,ecy,86.45742
BOL,cem,ind,ecy,0
BOL,cst,ind,ecy,0
BOL,avi,tra,ecy,0
BOL,nav,tra,ecy,0
BOL,foo,ind,ecy,3.0982320000000003
BOL,irn,ind,ecy,0
BOL,mac,ind,ecy,0
BOL,mch,ind,ecy,0
BOL,nfm,ind,ecy,0
BOL,oen,ind,ecy,0
BOL,omn,ind,ecy,7.452504
BOL,pow,pow,ecy,-35.5878
BOL,ral,tra,ecy,0
BOL,res,res,ecy,11.93238
BOL,rod,tra,ecy,0
BOL,srv,ind,ecy,7.913052
POL,cem,ind,ecy,20.515320000000003
POL,cst,ind,ecy,3.55878
POL,avi,tra,ecy,0
POL,nav,tra,ecy,0
POL,foo,ind,ecy,42.244812
POL,irn,ind,ecy,24.576516
POL,mac,ind,ecy,29.475072
POL,mch,ind,ecy,42.07734
POL,nfm,ind,ecy,8.58294
POL,oen,ind,ecy,0
POL,omn,ind,ecy,38.183616
POL,pow,pow,ecy,-610.3935720000001
POL,ral,tra,ecy,11.5137
POL,res,res,ecy,105.423624
POL,rod,tra,ecy,0.083736
POL,srv,ind,ecy,178.608888
PRT,cem,ind,ecy,6.950088
PRT,cst,ind,ecy,1.842192
PRT,avi,tra,ecy,0
PRT,nav,tra,ecy,0
PRT,foo,ind,ecy,13.900176
PRT,irn,ind,ecy,6.070860000000001
PRT,mac,ind,ecy,6.154596000000001
PRT,mch,ind,ecy,10.173924000000001
PRT,nfm,ind,ecy,0.41868000000000005
PRT,oen,ind,ecy,0
PRT,omn,ind,ecy,17.542692000000002
PRT,pow,pow,ecy,-210.261096
PRT,ral,tra,ecy,1.716588
PRT,res,res,ecy,47.562048000000004
PRT,rod,tra,ecy,0
PRT,srv,ind,ecy,60.28992
QAT,cem,ind,ecy,0
QAT,cst,ind,ecy,0
QAT,avi,tra,ecy,0
QAT,nav,tra,ecy,0
QAT,foo,ind,ecy,0
QAT,irn,ind,ecy,0
QAT,mac,ind,ecy,0
QAT,mch,ind,ecy,0
QAT,nfm,ind,ecy,0
QAT,oen,ind,ecy,14.905008
QAT,omn,ind,ecy,43.919532000000004
QAT,pow,pow,ecy,-172.49616
QAT,ral,tra,ecy,0
QAT,res,res,ecy,72.892188
QAT,rod,tra,ecy,0
QAT,srv,ind,ecy,30.14496
MDA,cem,ind,ecy,0.502416
MDA,cst,ind,ecy,0.041868
MDA,avi,tra,ecy,0
MDA,nav,tra,ecy,0
MDA,foo,ind,ecy,1.758456
MDA,irn,ind,ecy,0
MDA,mac,ind,ecy,0.20934000000000003
MDA,mch,ind,ecy,0.20934000000000003
MDA,nfm,ind,ecy,0
MDA,oen,ind,ecy,0.041868
MDA,omn,ind,ecy,3.1819680000000004
MDA,pow,pow,ecy,-19.426752
MDA,ral,tra,ecy,0
MDA,res,res,ecy,7.243164
MDA,rod,tra,ecy,0
MDA,srv,ind,ecy,5.149764
COG,cem,ind,ecy,0
COG,cst,ind,ecy,0
COG,avi,tra,ecy,0
COG,nav,tra,ecy,0
COG,foo,ind,ecy,0.125604
COG,irn,ind,ecy,0
COG,mac,ind,ecy,0
COG,mch,ind,ecy,0
COG,nfm,ind,ecy,0
COG,oen,ind,ecy,0
COG,omn,ind,ecy,0.251208
COG,pow,pow,ecy,-12.644136000000001
COG,ral,tra,ecy,0
COG,res,res,ecy,2.51208
COG,rod,tra,ecy,0
COG,srv,ind,ecy,2.805156
ROU,cem,ind,ecy,9.085356
ROU,cst,ind,ecy,1.381644
ROU,avi,tra,ecy,0
ROU,nav,tra,ecy,0
ROU,foo,ind,ecy,13.314024000000002
ROU,irn,ind,ecy,8.708544
ROU,mac,ind,ecy,15.90984
ROU,mch,ind,ecy,12.560400000000001
ROU,nfm,ind,ecy,12.560400000000001
ROU,oen,ind,ecy,0
ROU,omn,ind,ecy,9.21096
ROU,pow,pow,ecy,-231.990588
ROU,ral,tra,ecy,3.600648
ROU,res,res,ecy,46.012932
ROU,rod,tra,ecy,0.125604
ROU,srv,ind,ecy,31.526604000000003
RUS,cem,ind,ecy,59.996844
RUS,cst,ind,ecy,45.384912
RUS,avi,tra,ecy,0
RUS,nav,tra,ecy,0
RUS,foo,ind,ecy,143.272296
RUS,irn,ind,ecy,225.75225600000002
RUS,mac,ind,ecy,120.32863200000001
RUS,mch,ind,ecy,268.499484
RUS,nfm,ind,ecy,338.62838400000004
RUS,oen,ind,ecy,0
RUS,omn,ind,ecy,90.89542800000001
RUS,pow,pow,ecy,-4007.5630920000003
RUS,ral,tra,ecy,189.87138000000002
RUS,res,res,ecy,598.7124
RUS,rod,tra,ecy,0
RUS,srv,ind,ecy,547.8427800000001
SAU,cem,ind,ecy,1.88406
SAU,cst,ind,ecy,0
SAU,avi,tra,ecy,0
SAU,nav,tra,ecy,0
SAU,foo,ind,ecy,17.542692000000002
SAU,irn,ind,ecy,17.249616
SAU,mac,ind,ecy,0
SAU,mch,ind,ecy,37.764936
SAU,nfm,ind,ecy,0
SAU,oen,ind,ecy,1.716588
SAU,omn,ind,ecy,104.293188
SAU,pow,pow,ecy,-1361.3380200000001
SAU,ral,tra,ecy,0
SAU,res,res,ecy,469.54962
SAU,rod,tra,ecy,0
SAU,srv,ind,ecy,459.417564
SEN,cem,ind,ecy,0.041868
SEN,cst,ind,ecy,0.041868
SEN,avi,tra,ecy,0
SEN,nav,tra,ecy,0
SEN,foo,ind,ecy,0.586152
SEN,irn,ind,ecy,0
SEN,mac,ind,ecy,0
SEN,mch,ind,ecy,3.475044
SEN,nfm,ind,ecy,0
SEN,oen,ind,ecy,1.5072480000000001
SEN,omn,ind,ecy,0.167472
SEN,pow,pow,ecy,-17.16588
SEN,ral,tra,ecy,0
SEN,res,res,ecy,3.76812
SEN,rod,tra,ecy,0
SEN,srv,ind,ecy,4.81482
SRB,cem,ind,ecy,2.637684
SRB,cst,ind,ecy,1.214172
SRB,avi,tra,ecy,0
SRB,nav,tra,ecy,0
SRB,foo,ind,ecy,7.368768
SRB,irn,ind,ecy,4.81482
SRB,mac,ind,ecy,3.1401000000000003
SRB,mch,ind,ecy,6.322068000000001
SRB,nfm,ind,ecy,1.5909840000000002
SRB,oen,ind,ecy,0
SRB,omn,ind,ecy,5.568444
SRB,pow,pow,ecy,-132.009804
SRB,ral,tra,ecy,1.339776
SRB,res,res,ecy,48.273804000000005
SRB,rod,tra,ecy,0
SRB,srv,ind,ecy,18.673128000000002
SGP,cem,ind,ecy,0
SGP,cst,ind,ecy,1.5491160000000002
SGP,avi,tra,ecy,0
SGP,nav,tra,ecy,0
SGP,foo,ind,ecy,0
SGP,irn,ind,ecy,0
SGP,mac,ind,ecy,0
SGP,mch,ind,ecy,0
SGP,nfm,ind,ecy,0
SGP,oen,ind,ecy,0.962964
SGP,omn,ind,ecy,70.212636
SGP,pow,pow,ecy,-191.33676
SGP,ral,tra,ecy,10.592604000000001
SGP,res,res,ecy,26.000028
SGP,rod,tra,ecy,0
SGP,srv,ind,ecy,72.306036
SVK,cem,ind,ecy,2.763288
SVK,cst,ind,ecy,0.37681200000000004
SVK,avi,tra,ecy,0
SVK,nav,tra,ecy,0
SVK,foo,ind,ecy,3.3075720000000004
SVK,irn,ind,ecy,9.127224
SVK,mac,ind,ecy,11.429964
SVK,mch,ind,ecy,3.726252
SVK,nfm,ind,ecy,9.127224
SVK,oen,ind,ecy,0
SVK,omn,ind,ecy,7.033824
SVK,pow,pow,ecy,-96.045192
SVK,ral,tra,ecy,1.800324
SVK,res,res,ecy,18.338184000000002
SVK,rod,tra,ecy,0.083736
SVK,srv,ind,ecy,26.000028
SVN,cem,ind,ecy,1.4235120000000001
SVN,cst,ind,ecy,0.293076
SVN,avi,tra,ecy,0
SVN,nav,tra,ecy,0
SVN,foo,ind,ecy,1.800324
SVN,irn,ind,ecy,2.805156
SVN,mac,ind,ecy,5.6940480000000004
SVN,mch,ind,ecy,2.8888920000000002
SVN,nfm,ind,ecy,4.772952
SVN,oen,ind,ecy,0
SVN,omn,ind,ecy,4.940424
SVN,pow,pow,ecy,-58.112784000000005
SVN,ral,tra,ecy,0.7954920000000001
SVN,res,res,ecy,12.141720000000001
SVN,rod,tra,ecy,0
SVN,srv,ind,ecy,11.764908
ZAF,cem,ind,ecy,8.959752
ZAF,cst,ind,ecy,0.669888
ZAF,avi,tra,ecy,0
ZAF,nav,tra,ecy,0
ZAF,foo,ind,ecy,25.790688000000003
ZAF,irn,ind,ecy,70.003296
ZAF,mac,ind,ecy,0.41868000000000005
ZAF,mch,ind,ecy,143.523504
ZAF,nfm,ind,ecy,54.721476
ZAF,oen,ind,ecy,2.72142
ZAF,omn,ind,ecy,107.851968
ZAF,pow,pow,ecy,-905.311764
ZAF,ral,tra,ecy,10.173924000000001
ZAF,res,res,ecy,177.93900000000002
ZAF,rod,tra,ecy,0.167472
ZAF,srv,ind,ecy,135.694188
SSD,cem,ind,ecy,0
SSD,cst,ind,ecy,0
SSD,avi,tra,ecy,0
SSD,nav,tra,ecy,0
SSD,foo,ind,ecy,0.167472
SSD,irn,ind,ecy,0
SSD,mac,ind,ecy,0
SSD,mch,ind,ecy,0
SSD,nfm,ind,ecy,0
SSD,oen,ind,ecy,0
SSD,omn,ind,ecy,0.544284
SSD,pow,pow,ecy,-2.0934
SSD,ral,tra,ecy,0
SSD,res,res,ecy,0.7954920000000001
SSD,rod,tra,ecy,0
SSD,srv,ind,ecy,0.083736
ESP,cem,ind,ecy,22.650588000000003
ESP,cst,ind,ecy,10.969416
ESP,avi,tra,ecy,0
ESP,nav,tra,ecy,0
ESP,foo,ind,ecy,59.117616000000005
ESP,irn,ind,ecy,54.470268000000004
ESP,mac,ind,ecy,33.661872
ESP,mch,ind,ecy,39.732732000000006
ESP,nfm,ind,ecy,32.908248
ESP,oen,ind,ecy,4.438008
ESP,omn,ind,ecy,47.687652
ESP,pow,pow,ecy,-979.1250480000001
ESP,ral,tra,ecy,13.104684
ESP,res,res,ecy,270.006732
ESP,rod,tra,ecy,0.41868000000000005
ESP,srv,ind,ecy,268.24827600000003
LKA,cem,ind,ecy,0
LKA,cst,ind,ecy,0
LKA,avi,tra,ecy,0
LKA,nav,tra,ecy,0
LKA,foo,ind,ecy,0
LKA,irn,ind,ecy,0
LKA,mac,ind,ecy,0
LKA,mch,ind,ecy,0
LKA,nfm,ind,ecy,0
LKA,oen,ind,ecy,0
LKA,omn,ind,ecy,16.537860000000002
LKA,pow,pow,ecy,-55.516968000000006
LKA,ral,tra,ecy,0
LKA,res,res,ecy,20.682792000000003
LKA,rod,tra,ecy,0
LKA,srv,ind,ecy,13.6071
SDN,cem,ind,ecy,0
SDN,cst,ind,ecy,0
SDN,avi,tra,ecy,0
SDN,nav,tra,ecy,0
SDN,foo,ind,ecy,4.772952
SDN,irn,ind,ecy,0
SDN,mac,ind,ecy,0
SDN,mch,ind,ecy,0
SDN,nfm,ind,ecy,0
SDN,oen,ind,ecy,0
SDN,omn,ind,ecy,6.447672000000001
SDN,pow,pow,ecy,-58.53146400000001
SDN,ral,tra,ecy,0
SDN,res,res,ecy,28.888920000000002
SDN,rod,tra,ecy,0
SDN,srv,ind,ecy,9.169092000000001
SUR,cem,ind,ecy,0
SUR,cst,ind,ecy,0
SUR,avi,tra,ecy,0
SUR,nav,tra,ecy,0
SUR,foo,ind,ecy,0
SUR,irn,ind,ecy,0
SUR,mac,ind,ecy,0
SUR,mch,ind,ecy,1.5072480000000001
SUR,nfm,ind,ecy,0
SUR,oen,ind,ecy,0.083736
SUR,omn,ind,ecy,0.669888
SUR,pow,pow,ecy,-7.033824
SUR,ral,tra,ecy,0
SUR,res,res,ecy,2.177136
SUR,rod,tra,ecy,0
SUR,srv,ind,ecy,1.5491160000000002
SWE,cem,ind,ecy,3.684384
SWE,cst,ind,ecy,5.359104
SWE,avi,tra,ecy,0
SWE,nav,tra,ecy,0
SWE,foo,ind,ecy,19.384884
SWE,irn,ind,ecy,16.579728
SWE,mac,ind,ecy,19.384884
SWE,mch,ind,ecy,29.223864000000003
SWE,nfm,ind,ecy,10.801944
SWE,oen,ind,ecy,0
SWE,omn,ind,ecy,82.47996
SWE,pow,pow,ecy,-588.077928
SWE,ral,tra,ecy,9.252828000000001
SWE,res,res,ecy,162.23850000000002
SWE,rod,tra,ecy,NA
SWE,srv,ind,ecy,100.86001200000001
CHE,cem,ind,ecy,3.726252
CHE,cst,ind,ecy,1.842192
CHE,avi,tra,ecy,0
CHE,nav,tra,ecy,0
CHE,foo,ind,ecy,12.727872000000001
CHE,irn,ind,ecy,5.066028
CHE,mac,ind,ecy,14.611932000000001
CHE,mch,ind,ecy,11.220624
CHE,nfm,ind,ecy,1.5491160000000002
CHE,oen,ind,ecy,0
CHE,omn,ind,ecy,15.030612000000001
CHE,pow,pow,ecy,-238.6476
CHE,ral,tra,ecy,11.136888
CHE,res,res,ecy,68.705388
CHE,rod,tra,ecy,NA
CHE,srv,ind,ecy,61.880904
SYR,cem,ind,ecy,0
SYR,cst,ind,ecy,0
SYR,avi,tra,ecy,0
SYR,nav,tra,ecy,0
SYR,foo,ind,ecy,0
SYR,irn,ind,ecy,0
SYR,mac,ind,ecy,0
SYR,mch,ind,ecy,0
SYR,nfm,ind,ecy,0
SYR,oen,ind,ecy,4.856688
SYR,omn,ind,ecy,15.993576000000001
SYR,pow,pow,ecy,-65.56528800000001
SYR,ral,tra,ecy,0
SYR,res,res,ecy,21.729492
SYR,rod,tra,ecy,0
SYR,srv,ind,ecy,4.940424
TJK,cem,ind,ecy,0
TJK,cst,ind,ecy,0.125604
TJK,avi,tra,ecy,0
TJK,nav,tra,ecy,0
TJK,foo,ind,ecy,8.289864
TJK,irn,ind,ecy,0
TJK,mac,ind,ecy,0.125604
TJK,mch,ind,ecy,0.251208
TJK,nfm,ind,ecy,12.392928000000001
TJK,oen,ind,ecy,0
TJK,omn,ind,ecy,0.544284
TJK,pow,pow,ecy,-71.091864
TJK,ral,tra,ecy,0.041868
TJK,res,res,ecy,20.09664
TJK,rod,tra,ecy,0
TJK,srv,ind,ecy,9.462168
THA,cem,ind,ecy,32.363964
THA,cst,ind,ecy,0
THA,avi,tra,ecy,0
THA,nav,tra,ecy,0
THA,foo,ind,ecy,72.892188
THA,irn,ind,ecy,32.154624
THA,mac,ind,ecy,75.82294800000001
THA,mch,ind,ecy,50.367204
THA,nfm,ind,ecy,0
THA,oen,ind,ecy,26.879256
THA,omn,ind,ecy,53.925984
THA,pow,pow,ecy,-656.2809000000001
THA,ral,tra,ecy,0.7954920000000001
THA,res,res,ecy,162.740916
THA,rod,tra,ecy,0
THA,srv,ind,ecy,169.10485200000002
TGO,cem,ind,ecy,0.7536240000000001
TGO,cst,ind,ecy,0
TGO,avi,tra,ecy,0
TGO,nav,tra,ecy,0
TGO,foo,ind,ecy,0.37681200000000004
TGO,irn,ind,ecy,0
TGO,mac,ind,ecy,0
TGO,mch,ind,ecy,0
TGO,nfm,ind,ecy,0
TGO,oen,ind,ecy,0
TGO,omn,ind,ecy,1.0467
TGO,pow,pow,ecy,-1.4235120000000001
TGO,ral,tra,ecy,0
TGO,res,res,ecy,1.5909840000000002
TGO,rod,tra,ecy,0
TGO,srv,ind,ecy,0.71175600000000006
TTO,cem,ind,ecy,0
TTO,cst,ind,ecy,0
TTO,avi,tra,ecy,0
TTO,nav,tra,ecy,0
TTO,foo,ind,ecy,0
TTO,irn,ind,ecy,0
TTO,mac,ind,ecy,0
TTO,mch,ind,ecy,0
TTO,nfm,ind,ecy,0
TTO,oen,ind,ecy,0
TTO,omn,ind,ecy,18.42192
TTO,pow,pow,ecy,-33.201324
TTO,ral,tra,ecy,0
TTO,res,res,ecy,8.708544
TTO,rod,tra,ecy,0
TTO,srv,ind,ecy,3.3075720000000004
TUN,cem,ind,ecy,5.8196520000000005
TUN,cst,ind,ecy,0
TUN,avi,tra,ecy,0
TUN,nav,tra,ecy,0
TUN,foo,ind,ecy,7.243164
TUN,irn,ind,ecy,1.130436
TUN,mac,ind,ecy,0
TUN,mch,ind,ecy,3.76812
TUN,nfm,ind,ecy,0
TUN,oen,ind,ecy,0
TUN,omn,ind,ecy,6.866352
TUN,pow,pow,ecy,-74.608776
TUN,ral,tra,ecy,0.251208
TUN,res,res,ecy,18.00324
TUN,rod,tra,ecy,0
TUN,srv,ind,ecy,16.202916000000002
TUR,cem,ind,ecy,51.748848
TUR,cst,ind,ecy,13.648968
TUR,avi,tra,ecy,0
TUR,nav,tra,ecy,0
TUR,foo,ind,ecy,69.50088000000001
TUR,irn,ind,ecy,91.816524
TUR,mac,ind,ecy,27.130464
TUR,mch,ind,ecy,30.689244000000002
TUR,nfm,ind,ecy,12.937212
TUR,oen,ind,ecy,0
TUR,omn,ind,ecy,147.83590800000002
TUR,pow,pow,ecy,-1097.276544
TUR,ral,tra,ecy,3.684384
TUR,res,res,ecy,196.52839200000003
TUR,rod,tra,ecy,0
TUR,srv,ind,ecy,271.430244
TKM,cem,ind,ecy,0
TKM,cst,ind,ecy,0
TKM,avi,tra,ecy,0
TKM,nav,tra,ecy,0
TKM,foo,ind,ecy,14.276988000000001
TKM,irn,ind,ecy,0
TKM,mac,ind,ecy,0
TKM,mch,ind,ecy,5.275368
TKM,nfm,ind,ecy,0
TKM,oen,ind,ecy,3.809988
TKM,omn,ind,ecy,10.927548
TKM,pow,pow,ecy,-81.140184
TKM,ral,tra,ecy,1.172304
TKM,res,res,ecy,9.420300000000001
TKM,rod,tra,ecy,0
TKM,srv,ind,ecy,0
UKR,cem,ind,ecy,9.252828000000001
UKR,cst,ind,ecy,3.475044
UKR,avi,tra,ecy,0
UKR,nav,tra,ecy,0
UKR,foo,ind,ecy,33.28506
UKR,irn,ind,ecy,63.597492
UKR,mac,ind,ecy,17.919504
UKR,mch,ind,ecy,45.21744
UKR,nfm,ind,ecy,5.7777840000000005
UKR,oen,ind,ecy,0
UKR,omn,ind,ecy,21.687624
UKR,pow,pow,ecy,-569.656008
UKR,ral,tra,ecy,19.301148
UKR,res,res,ecy,129.41398800000002
UKR,rod,tra,ecy,0
UKR,srv,ind,ecy,72.47350800000001
ARE,cem,ind,ecy,0
ARE,cst,ind,ecy,0
ARE,avi,tra,ecy,0
ARE,nav,tra,ecy,0
ARE,foo,ind,ecy,0
ARE,irn,ind,ecy,0
ARE,mac,ind,ecy,0
ARE,mch,ind,ecy,0
ARE,nfm,ind,ecy,0
ARE,oen,ind,ecy,103.45582800000001
ARE,omn,ind,ecy,49.864788000000004
ARE,pow,pow,ecy,-489.604392
ARE,ral,tra,ecy,0
ARE,res,res,ecy,146.07745200000002
ARE,rod,tra,ecy,0
ARE,srv,ind,ecy,142.811748
GBR,cem,ind,ecy,22.734324
GBR,cst,ind,ecy,5.02416
GBR,avi,tra,ecy,0
GBR,nav,tra,ecy,0
GBR,foo,ind,ecy,58.112784000000005
GBR,irn,ind,ecy,9.21096
GBR,mac,ind,ecy,62.508924
GBR,mch,ind,ecy,55.391364
GBR,nfm,ind,ecy,14.737536
GBR,oen,ind,ecy,0
GBR,omn,ind,ecy,123.175656
GBR,pow,pow,ecy,-1191.3120720000002
GBR,ral,tra,ecy,17.082144
GBR,res,res,ecy,378.23551200000003
GBR,rod,tra,ecy,0.879228
GBR,srv,ind,ecy,332.138844
TZA,cem,ind,ecy,0
TZA,cst,ind,ecy,0
TZA,avi,tra,ecy,0
TZA,nav,tra,ecy,0
TZA,foo,ind,ecy,0.586152
TZA,irn,ind,ecy,0
TZA,mac,ind,ecy,0
TZA,mch,ind,ecy,0
TZA,nfm,ind,ecy,0
TZA,oen,ind,ecy,0.502416
TZA,omn,ind,ecy,6.196464000000001
TZA,pow,pow,ecy,-26.041896
TZA,ral,tra,ecy,0
TZA,res,res,ecy,9.797112
TZA,rod,tra,ecy,0
TZA,srv,ind,ecy,5.8615200000000005
USA,cem,ind,ecy,119.28193200000001
USA,cst,ind,ecy,188.782812
USA,avi,tra,ecy,0
USA,nav,tra,ecy,0
USA,foo,ind,ecy,518.2839720000001
USA,irn,ind,ecy,208.04209200000003
USA,mac,ind,ecy,488.05527600000005
USA,mch,ind,ecy,608.0908320000001
USA,nfm,ind,ecy,149.00821200000001
USA,oen,ind,ecy,851.720724
USA,omn,ind,ecy,664.738236
USA,pow,pow,ecy,-15962.175000000001
USA,ral,tra,ecy,25.33014
USA,res,res,ecy,5262.347052
USA,rod,tra,ecy,18.882468
USA,srv,ind,ecy,4940.5077360000005
URY,cem,ind,ecy,0.460548
URY,cst,ind,ecy,0.7954920000000001
URY,avi,tra,ecy,0
URY,nav,tra,ecy,0
URY,foo,ind,ecy,5.275368
URY,irn,ind,ecy,0
URY,mac,ind,ecy,0
URY,mch,ind,ecy,2.9307600000000003
URY,nfm,ind,ecy,0
URY,oen,ind,ecy,0
URY,omn,ind,ecy,5.066028
URY,pow,pow,ecy,-52.628076
URY,ral,tra,ecy,0
URY,res,res,ecy,15.742368
URY,rod,tra,ecy,0
URY,srv,ind,ecy,11.136888
UZB,cem,ind,ecy,3.600648
UZB,cst,ind,ecy,1.5072480000000001
UZB,avi,tra,ecy,0
UZB,nav,tra,ecy,0
UZB,foo,ind,ecy,66.77946
UZB,irn,ind,ecy,26.628048000000003
UZB,mac,ind,ecy,1.172304
UZB,mch,ind,ecy,15.407424
UZB,nfm,ind,ecy,0
UZB,oen,ind,ecy,0
UZB,omn,ind,ecy,5.359104
UZB,pow,pow,ecy,-226.422144
UZB,ral,tra,ecy,2.9726280000000003
UZB,res,res,ecy,48.943692000000006
UZB,rod,tra,ecy,0
UZB,srv,ind,ecy,17.877636000000003
VNM,cem,ind,ecy,37.89054
VNM,cst,ind,ecy,9.587772000000001
VNM,avi,tra,ecy,0
VNM,nav,tra,ecy,0
VNM,foo,ind,ecy,97.05002400000001
VNM,irn,ind,ecy,54.679608
VNM,mac,ind,ecy,42.747228
VNM,mch,ind,ecy,54.135324000000004
VNM,nfm,ind,ecy,0
VNM,oen,ind,ecy,0
VNM,omn,ind,ecy,126.10641600000001
VNM,pow,pow,ecy,-867.379356
VNM,ral,tra,ecy,0
VNM,res,res,ecy,224.077536
VNM,rod,tra,ecy,0
VNM,srv,ind,ecy,35.504064
YEM,cem,ind,ecy,0
YEM,cst,ind,ecy,0
YEM,avi,tra,ecy,0
YEM,nav,tra,ecy,0
YEM,foo,ind,ecy,0
YEM,irn,ind,ecy,0
YEM,mac,ind,ecy,0
YEM,mch,ind,ecy,0
YEM,nfm,ind,ecy,0
YEM,oen,ind,ecy,0.586152
YEM,omn,ind,ecy,0.251208
YEM,pow,pow,ecy,-12.979080000000002
YEM,ral,tra,ecy,0
YEM,res,res,ecy,6.363936000000001
YEM,rod,tra,ecy,0
YEM,srv,ind,ecy,0.71175600000000006
ZMB,cem,ind,ecy,0
ZMB,cst,ind,ecy,0.041868
ZMB,avi,tra,ecy,0
ZMB,nav,tra,ecy,0
ZMB,foo,ind,ecy,1.088568
ZMB,irn,ind,ecy,0
ZMB,mac,ind,ecy,0
ZMB,mch,ind,ecy,0.544284
ZMB,nfm,ind,ecy,24.0741
ZMB,oen,ind,ecy,0.293076
ZMB,omn,ind,ecy,1.5909840000000002
ZMB,pow,pow,ecy,-58.280256
ZMB,ral,tra,ecy,0.125604
ZMB,res,res,ecy,15.616764000000002
ZMB,rod,tra,ecy,0
ZMB,srv,ind,ecy,3.2238360000000004
ZWE,cem,ind,ecy,0
ZWE,cst,ind,ecy,0
ZWE,avi,tra,ecy,0
ZWE,nav,tra,ecy,0
ZWE,foo,ind,ecy,1.800324
ZWE,irn,ind,ecy,0
ZWE,mac,ind,ecy,0
ZWE,mch,ind,ecy,5.2335
ZWE,nfm,ind,ecy,0
ZWE,oen,ind,ecy,0.20934000000000003
ZWE,omn,ind,ecy,8.122392
ZWE,pow,pow,ecy,-33.91308
ZWE,ral,tra,ecy,0
ZWE,res,res,ecy,10.215792
ZWE,rod,tra,ecy,0
ZWE,srv,ind,ecy,5.066028
WLD,cem,ind,ecy,2214.6497280000003
WLD,cst,ind,ecy,726.61914
WLD,avi,tra,ecy,0
WLD,nav,tra,ecy,0
WLD,foo,ind,ecy,4835.921472
WLD,irn,ind,ecy,4451.950044
WLD,mac,ind,ecy,4737.489804
WLD,mch,ind,ecy,6161.1692760000005
WLD,nfm,ind,ecy,4061.447208
WLD,oen,ind,ecy,3832.1780400000002
WLD,omn,ind,ecy,9005.681196000001
WLD,pow,pow,ecy,-95814.038772
WLD,ral,tra,ecy,974.1846240000001
WLD,res,res,ecy,21628.799460000002
WLD,rod,tra,ecy,238.43826
WLD,srv,ind,ecy,17275.867236000002
AFRICATOT,cem,ind,ecy,36.257688
AFRICATOT,cst,ind,ecy,9.462168
AFRICATOT,avi,tra,ecy,0
AFRICATOT,nav,tra,ecy,0
AFRICATOT,foo,ind,ecy,114.00656400000001
AFRICATOT,irn,ind,ecy,77.288328
AFRICATOT,mac,ind,ecy,3.433176
AFRICATOT,mch,ind,ecy,196.52839200000003
AFRICATOT,nfm,ind,ecy,119.449404
AFRICATOT,oen,ind,ecy,72.38977200000001
AFRICATOT,omn,ind,ecy,479.34673200000003
AFRICATOT,pow,pow,ecy,-2998.2093480000003
AFRICATOT,ral,tra,ecy,16.495992
AFRICATOT,res,res,ecy,871.021872
AFRICATOT,rod,tra,ecy,0.167472
AFRICATOT,srv,ind,ecy,451.253304
AMERICAS,cem,ind,ecy,237.684636
AMERICAS,cst,ind,ecy,192.88587600000002
AMERICAS,avi,tra,ecy,0
AMERICAS,nav,tra,ecy,0
AMERICAS,foo,ind,ecy,957.0606120000001
AMERICAS,irn,ind,ecy,442.20981600000005
AMERICAS,mac,ind,ecy,545.9587200000001
AMERICAS,mch,ind,ecy,1129.849848
AMERICAS,nfm,ind,ecy,494.084268
AMERICAS,oen,ind,ecy,981.0509760000001
AMERICAS,omn,ind,ecy,1865.6799480000002
AMERICAS,pow,pow,ecy,-24209.877924
AMERICAS,ral,tra,ecy,41.616792000000004
AMERICAS,res,res,ecy,7236.04644
AMERICAS,rod,tra,ecy,25.706952
AMERICAS,srv,ind,ecy,6531.366132
ASIATOT,cem,ind,ecy,1572.310872
ASIATOT,cst,ind,ecy,367.18236
ASIATOT,avi,tra,ecy,0
ASIATOT,nav,tra,ecy,0
ASIATOT,foo,ind,ecy,2735.6551200000004
ASIATOT,irn,ind,ecy,3163.797288
ASIATOT,mac,ind,ecy,3364.261272
ASIATOT,mch,ind,ecy,3633.8493240000003
ASIATOT,nfm,ind,ecy,2585.432736
ASIATOT,oen,ind,ecy,2768.186556
ASIATOT,omn,ind,ecy,5608.2186
ASIATOT,pow,pow,ecy,-49938.852492000005
ASIATOT,ral,tra,ecy,485.79440400000004
ASIATOT,res,res,ecy,9267.733008000001
ASIATOT,rod,tra,ecy,203.31100800000002
ASIATOT,srv,ind,ecy,6164.853660000001
EUROPE,cem,ind,ecy,342.187164
EUROPE,cst,ind,ecy,154.785996
EUROPE,avi,tra,ecy,0
EUROPE,nav,tra,ecy,0
EUROPE,foo,ind,ecy,973.8915480000001
EUROPE,irn,ind,ecy,751.028184
EUROPE,mac,ind,ecy,821.4501600000001
EUROPE,mch,ind,ecy,1114.1912160000002
EUROPE,nfm,ind,ecy,726.82848
EUROPE,oen,ind,ecy,8.457336
EUROPE,omn,ind,ecy,1009.186272
EUROPE,pow,pow,ecy,-17539.635636000003
EUROPE,ral,tra,ecy,418.63813200000004
EUROPE,res,res,ecy,3988.1782080000003
EUROPE,rod,tra,ecy,9.21096
EUROPE,srv,ind,ecy,3837.285936
OCEANIA,cem,ind,ecy,26.209368
OCEANIA,cst,ind,ecy,2.30274
OCEANIA,avi,tra,ecy,0
OCEANIA,nav,tra,ecy,0
OCEANIA,foo,ind,ecy,55.349496
OCEANIA,irn,ind,ecy,17.58456
OCEANIA,mac,ind,ecy,2.386476
OCEANIA,mch,ind,ecy,86.750496
OCEANIA,nfm,ind,ecy,135.65232
OCEANIA,oen,ind,ecy,2.0934
OCEANIA,omn,ind,ecy,43.207776
OCEANIA,pow,pow,ecy,-1127.50524
OCEANIA,ral,tra,ecy,11.639304000000001
OCEANIA,res,res,ecy,265.819932
OCEANIA,rod,tra,ecy,0
OCEANIA,srv,ind,ecy,291.108204
CHINAREG,cem,ind,ecy,1285.1382600000002
CHINAREG,cst,ind,ecy,306.89244
CHINAREG,avi,tra,ecy,0
CHINAREG,nav,tra,ecy,0
CHINAREG,foo,ind,ecy,1052.56152
CHINAREG,irn,ind,ecy,2045.87982
CHINAREG,mac,ind,ecy,2215.4870880000003
CHINAREG,mch,ind,ecy,2714.30244
CHINAREG,nfm,ind,ecy,2334.35034
CHINAREG,oen,ind,ecy,2230.852644
CHINAREG,omn,ind,ecy,1924.7975640000002
CHINAREG,pow,pow,ecy,-25867.641384000002
CHINAREG,ral,tra,ecy,306.138816
CHINAREG,res,res,ecy,3569.372604
CHINAREG,rod,tra,ecy,203.05980000000002
CHINAREG,srv,ind,ecy,1609.3640520000001
AFRIC,cem,ind,ecy,36.257688
AFRIC,cst,ind,ecy,9.462168
AFRIC,avi,tra,ecy,0
AFRIC,nav,tra,ecy,0
AFRIC,foo,ind,ecy,114.00656400000001
AFRIC,irn,ind,ecy,77.288328
AFRIC,mac,ind,ecy,3.433176
AFRIC,mch,ind,ecy,196.52839200000003
AFRIC,nfm,ind,ecy,119.449404
AFRIC,oen,ind,ecy,72.38977200000001
AFRIC,omn,ind,ecy,479.34673200000003
AFRIC,pow,pow,ecy,-2998.2093480000003
AFRIC,ral,tra,ecy,16.495992
AFRIC,res,res,ecy,871.021872
AFRIC,rod,tra,ecy,0.167472
AFRIC,srv,ind,ecy,451.253304
EQGUINEA,cem,ind,ecy,0
EQGUINEA,cst,ind,ecy,0
EQGUINEA,avi,tra,ecy,0
EQGUINEA,nav,tra,ecy,0
EQGUINEA,foo,ind,ecy,0
EQGUINEA,irn,ind,ecy,0
EQGUINEA,mac,ind,ecy,0
EQGUINEA,mch,ind,ecy,0
EQGUINEA,nfm,ind,ecy,0
EQGUINEA,oen,ind,ecy,0.167472
EQGUINEA,omn,ind,ecy,1.5072480000000001
EQGUINEA,pow,pow,ecy,-5.317236
EQGUINEA,ral,tra,ecy,0
EQGUINEA,res,res,ecy,1.5909840000000002
EQGUINEA,rod,tra,ecy,0
EQGUINEA,srv,ind,ecy,1.339776
MASEAN,cem,ind,ecy,78.460632
MASEAN,cst,ind,ecy,12.141720000000001
MASEAN,avi,tra,ecy,0
MASEAN,nav,tra,ecy,0
MASEAN,foo,ind,ecy,212.85691200000002
MASEAN,irn,ind,ecy,108.773064
MASEAN,mac,ind,ecy,145.4913
MASEAN,mch,ind,ecy,114.50898000000001
MASEAN,nfm,ind,ecy,0
MASEAN,oen,ind,ecy,28.302768
MASEAN,omn,ind,ecy,911.298888
MASEAN,pow,pow,ecy,-3964.4809200000004
MASEAN,ral,tra,ecy,13.481496
MASEAN,res,res,ecy,1033.762788
MASEAN,rod,tra,ecy,0
MASEAN,srv,ind,ecy,777.823704
EU27_2020,cem,ind,ecy,233.62344000000002
EU27_2020,cst,ind,ecy,90.937296
EU27_2020,avi,tra,ecy,0
EU27_2020,nav,tra,ecy,0
EU27_2020,foo,ind,ecy,675.037764
EU27_2020,irn,ind,ecy,403.81686
EU27_2020,mac,ind,ecy,588.7896840000001
EU27_2020,mch,ind,ecy,681.862248
EU27_2020,nfm,ind,ecy,229.01796000000002
EU27_2020,oen,ind,ecy,8.16426
EU27_2020,omn,ind,ecy,725.070024
EU27_2020,pow,pow,ecy,-10507.109544
EU27_2020,ral,tra,ecy,174.924504
EU27_2020,res,res,ecy,2539.880352
EU27_2020,rod,tra,ecy,6.028992000000001
EU27_2020,srv,ind,ecy,2654.054388
EU28,cem,ind,ecy,256.315896
EU28,cst,ind,ecy,95.96145600000001
EU28,avi,tra,ecy,0
EU28,nav,tra,ecy,0
EU28,foo,ind,ecy,733.10868
EU28,irn,ind,ecy,413.06968800000004
EU28,mac,ind,ecy,651.2986080000001
EU28,mch,ind,ecy,737.2536120000001
EU28,nfm,ind,ecy,243.71362800000003
EU28,oen,ind,ecy,8.16426
EU28,omn,ind,ecy,848.24568
EU28,pow,pow,ecy,-11698.463484
EU28,ral,tra,ecy,192.006648
EU28,res,res,ecy,2918.1158640000003
EU28,rod,tra,ecy,6.866352
EU28,srv,ind,ecy,2986.193232
FSU_15,cem,ind,ecy,93.616848
FSU_15,cst,ind,ecy,57.819708000000006
FSU_15,avi,tra,ecy,0
FSU_15,nav,tra,ecy,0
FSU_15,foo,ind,ecy,314.21934000000005
FSU_15,irn,ind,ecy,413.362764
FSU_15,mac,ind,ecy,152.943804
FSU_15,mch,ind,ecy,393.47546400000004
FSU_15,nfm,ind,ecy,408.46420800000004
FSU_15,oen,ind,ecy,17.291484
FSU_15,omn,ind,ecy,150.30612000000002
FSU_15,pow,pow,ecy,-5800.057776000001
FSU_15,ral,tra,ecy,230.56707600000001
FSU_15,res,res,ecy,992.9833560000001
FSU_15,rod,tra,ecy,0.962964
FSU_15,srv,ind,ecy,784.438848
G7,cem,ind,ecy,320.248332
G7,cst,ind,ecy,262.554228
G7,avi,tra,ecy,0
G7,nav,tra,ecy,0
G7,foo,ind,ecy,1065.080052
G7,irn,ind,ecy,709.45326
G7,mac,ind,ecy,1219.9916520000002
G7,mch,ind,ecy,1334.207556
G7,nfm,ind,ecy,516.7767240000001
G7,oen,ind,ecy,854.31654
G7,omn,ind,ecy,1580.2657920000001
G7,pow,pow,ecy,-28696.117860000002
G7,ral,tra,ecy,201.678156
G7,res,res,ecy,8466.54696
G7,rod,tra,ecy,26.293104000000003
G7,srv,ind,ecy,8295.139368
G8,cem,ind,ecy,380.245176
G8,cst,ind,ecy,307.98100800000003
G8,avi,tra,ecy,0
G8,nav,tra,ecy,0
G8,foo,ind,ecy,1208.3523480000001
G8,irn,ind,ecy,935.2055160000001
G8,mac,ind,ecy,1340.3202840000001
G8,mch,ind,ecy,1602.70704
G8,nfm,ind,ecy,855.405108
G8,oen,ind,ecy,854.31654
G8,omn,ind,ecy,1671.1612200000002
G8,pow,pow,ecy,-32703.680952000002
G8,ral,tra,ecy,391.591404
G8,res,res,ecy,9065.25936
G8,rod,tra,ecy,26.293104000000003
G8,srv,ind,ecy,8842.94028
MGUYANA,cem,ind,ecy,0
MGUYANA,cst,ind,ecy,0
MGUYANA,avi,tra,ecy,0
MGUYANA,nav,tra,ecy,0
MGUYANA,foo,ind,ecy,0
MGUYANA,irn,ind,ecy,0
MGUYANA,mac,ind,ecy,0
MGUYANA,mch,ind,ecy,0.20934000000000003
MGUYANA,nfm,ind,ecy,0
MGUYANA,oen,ind,ecy,0
MGUYANA,omn,ind,ecy,1.214172
MGUYANA,pow,pow,ecy,-4.103064
MGUYANA,ral,tra,ecy,0
MGUYANA,res,res,ecy,1.130436
MGUYANA,rod,tra,ecy,0
MGUYANA,srv,ind,ecy,0.586152
IEATOT,cem,ind,ecy,591.8041800000001
IEATOT,cst,ind,ecy,328.412592
IEATOT,avi,tra,ecy,0
IEATOT,nav,tra,ecy,0
IEATOT,foo,ind,ecy,1722.365784
IEATOT,irn,ind,ecy,1244.693772
IEATOT,mac,ind,ecy,1874.9746440000001
IEATOT,mch,ind,ecy,2076.904008
IEATOT,nfm,ind,ecy,892.2908160000001
IEATOT,oen,ind,ecy,975.0638520000001
IEATOT,omn,ind,ecy,2633.999616
IEATOT,pow,pow,ecy,-39509.198748
IEATOT,ral,tra,ecy,316.56394800000004
IEATOT,res,res,ecy,10735.080804000001
IEATOT,rod,tra,ecy,31.526604000000003
IEATOT,srv,ind,ecy,10884.298356000001
IEAFAMILY,cem,ind,ecy,1970.2662120000002
IEAFAMILY,cst,ind,ecy,641.585232
IEAFAMILY,avi,tra,ecy,0
IEAFAMILY,nav,tra,ecy,0
IEAFAMILY,foo,ind,ecy,3924.2039040000004
IEAFAMILY,irn,ind,ecy,3754.3872960000003
IEAFAMILY,mac,ind,ecy,4231.5568920000005
IEAFAMILY,mch,ind,ecy,5347.213488
IEAFAMILY,nfm,ind,ecy,3420.448128
IEAFAMILY,oen,ind,ecy,3471.7782960000004
IEAFAMILY,omn,ind,ecy,6678.15534
IEAFAMILY,pow,pow,ecy,-76312.13371200001
IEAFAMILY,ral,tra,ecy,720.003996
IEAFAMILY,res,res,ecy,16694.153244
IEAFAMILY,rod,tra,ecy,237.26595600000002
IEAFAMILY,srv,ind,ecy,13941.332244000001
MMADAGASCA,cem,ind,ecy,0
MMADAGASCA,cst,ind,ecy,0.167472
MMADAGASCA,avi,tra,ecy,0
MMADAGASCA,nav,tra,ecy,0
MMADAGASCA,foo,ind,ecy,0.460548
MMADAGASCA,irn,ind,ecy,0
MMADAGASCA,mac,ind,ecy,0
MMADAGASCA,mch,ind,ecy,2.470212
MMADAGASCA,nfm,ind,ecy,0
MMADAGASCA,oen,ind,ecy,1.5072480000000001
MMADAGASCA,omn,ind,ecy,0.586152
MMADAGASCA,pow,pow,ecy,-8.499204
MMADAGASCA,ral,tra,ecy,0
MMADAGASCA,res,res,ecy,2.386476
MMADAGASCA,rod,tra,ecy,0
MMADAGASCA,srv,ind,ecy,0.669888
OPEC,cem,ind,ecy,12.518532
OPEC,cst,ind,ecy,6.950088
OPEC,avi,tra,ecy,0
OPEC,nav,tra,ecy,0
OPEC,foo,ind,ecy,179.06943600000002
OPEC,irn,ind,ecy,18.296316
OPEC,mac,ind,ecy,0
OPEC,mch,ind,ecy,53.800380000000004
OPEC,nfm,ind,ecy,22.441248
OPEC,oen,ind,ecy,205.19506800000002
OPEC,omn,ind,ecy,674.535348
OPEC,pow,pow,ecy,-4592.417184
OPEC,ral,tra,ecy,2.72142
OPEC,res,res,ecy,1440.384804
OPEC,rod,tra,ecy,0.041868
OPEC,srv,ind,ecy,946.802952
ASME,cem,ind,ecy,3.2657040000000004
ASME,cst,ind,ecy,0
ASME,avi,tra,ecy,0
ASME,nav,tra,ecy,0
ASME,foo,ind,ecy,171.323856
ASME,irn,ind,ecy,17.249616
ASME,mac,ind,ecy,0
ASME,mch,ind,ecy,39.816468
ASME,nfm,ind,ecy,42.286680000000004
ASME,oen,ind,ecy,194.26752000000002
ASME,omn,ind,ecy,638.570736
ASME,pow,pow,ecy,-4173.360372
ASME,ral,tra,ecy,0
ASME,res,res,ecy,1360.1238480000002
ASME,rod,tra,ecy,0
ASME,srv,ind,ecy,922.9800600000001
LATAMER,cem,ind,ecy,67.365612
LATAMER,cst,ind,ecy,1.5072480000000001
LATAMER,avi,tra,ecy,0
LATAMER,nav,tra,ecy,0
LATAMER,foo,ind,ecy,301.617072
LATAMER,irn,ind,ecy,179.571852
LATAMER,mac,ind,ecy,10.550736
LATAMER,mch,ind,ecy,222.27721200000002
LATAMER,nfm,ind,ecy,130.92123600000002
LATAMER,oen,ind,ecy,15.49116
LATAMER,omn,ind,ecy,556.8444000000001
LATAMER,pow,pow,ecy,-4387.850136
LATAMER,ral,tra,ecy,10.676340000000001
LATAMER,res,res,ecy,1076.21694
LATAMER,rod,tra,ecy,0.041868
LATAMER,srv,ind,ecy,918.332712
ASIA,cem,ind,ecy,114.09030000000001
ASIA,cst,ind,ecy,17.249616
ASIA,avi,tra,ecy,0
ASIA,nav,tra,ecy,0
ASIA,foo,ind,ecy,1090.9963440000001
ASIA,irn,ind,ecy,437.855544
ASIA,mac,ind,ecy,436.30642800000004
ASIA,mch,ind,ecy,379.784628
ASIA,nfm,ind,ecy,52.96302
ASIA,oen,ind,ecy,311.62352400000003
ASIA,omn,ind,ecy,2512.9173600000004
ASIA,pow,pow,ecy,-11687.996484000001
ASIA,ral,tra,ecy,84.15468
ASIA,res,res,ecy,2683.52946
ASIA,rod,tra,ecy,0
ASIA,srv,ind,ecy,1451.3542200000002
NON-OECDEUROPEANDEURASIA,cem,ind,ecy,110.698992
NON-OECDEUROPEANDEURASIA,cst,ind,ecy,61.33662
NON-OECDEUROPEANDEURASIA,avi,tra,ecy,0
NON-OECDEUROPEANDEURASIA,nav,tra,ecy,0
NON-OECDEUROPEANDEURASIA,foo,ind,ecy,339.75882
NON-OECDEUROPEANDEURASIA,irn,ind,ecy,438.525432
NON-OECDEUROPEANDEURASIA,mac,ind,ecy,177.72966000000002
NON-OECDEUROPEANDEURASIA,mch,ind,ecy,421.568892
NON-OECDEUROPEANDEURASIA,nfm,ind,ecy,435.76214400000003
NON-OECDEUROPEANDEURASIA,oen,ind,ecy,17.877636000000003
NON-OECDEUROPEANDEURASIA,omn,ind,ecy,171.61693200000002
NON-OECDEUROPEANDEURASIA,pow,pow,ecy,-6482.4643080000005
NON-OECDEUROPEANDEURASIA,ral,tra,ecy,237.307824
NON-OECDEUROPEANDEURASIA,res,res,ecy,1186.455384
NON-OECDEUROPEANDEURASIA,rod,tra,ecy,0.962964
NON-OECDEUROPEANDEURASIA,srv,ind,ecy,890.5742280000001
OENN,cem,ind,ecy,170.319024
OENN,cst,ind,ecy,191.37862800000002
OENN,avi,tra,ecy,0
OENN,nav,tra,ecy,0
OENN,foo,ind,ecy,655.44354
OENN,irn,ind,ecy,262.637964
OENN,mac,ind,ecy,535.407984
OENN,mch,ind,ecy,907.5726360000001
OENN,nfm,ind,ecy,363.16303200000004
OENN,oen,ind,ecy,965.5598160000001
OENN,omn,ind,ecy,1308.835548
OENN,pow,pow,ecy,-19822.027788
OENN,ral,tra,ecy,30.940452
OENN,res,res,ecy,6159.829500000001
OENN,rod,tra,ecy,25.665084
OENN,srv,ind,ecy,5613.033420000001
OEPN,cem,ind,ecy,127.111248
OEPN,cst,ind,ecy,24.785856000000003
OEPN,avi,tra,ecy,0
OEPN,nav,tra,ecy,0
OEPN,foo,ind,ecy,296.383572
OEPN,irn,ind,ecy,471.936096
OEPN,mac,ind,ecy,682.908948
OEPN,mch,ind,ecy,494.084268
OEPN,nfm,ind,ecy,214.57350000000002
OEPN,oen,ind,ecy,16.370388000000002
OEPN,omn,ind,ecy,404.06806800000004
OEPN,pow,pow,ecy,-7237.3443480000005
OEPN,ral,tra,ecy,85.03390800000001
OEPN,res,res,ecy,1507.331736
OEPN,rod,tra,ecy,0.167472
OEPN,srv,ind,ecy,2096.916912
OTHERAFRIC,cem,ind,ecy,0
OTHERAFRIC,cst,ind,ecy,0
OTHERAFRIC,avi,tra,ecy,0
OTHERAFRIC,nav,tra,ecy,0
OTHERAFRIC,foo,ind,ecy,2.135268
OTHERAFRIC,irn,ind,ecy,5.149764
OTHERAFRIC,mac,ind,ecy,0
OTHERAFRIC,mch,ind,ecy,0
OTHERAFRIC,nfm,ind,ecy,0
OTHERAFRIC,oen,ind,ecy,6.489540000000001
OTHERAFRIC,omn,ind,ecy,30.647376
OTHERAFRIC,pow,pow,ecy,-68.621652
OTHERAFRIC,ral,tra,ecy,0
OTHERAFRIC,res,res,ecy,20.431584
OTHERAFRIC,rod,tra,ecy,0
OTHERAFRIC,srv,ind,ecy,10.843812
OTHERLATIN,cem,ind,ecy,0
OTHERLATIN,cst,ind,ecy,0
OTHERLATIN,avi,tra,ecy,0
OTHERLATIN,nav,tra,ecy,0
OTHERLATIN,foo,ind,ecy,0.251208
OTHERLATIN,irn,ind,ecy,0
OTHERLATIN,mac,ind,ecy,0
OTHERLATIN,mch,ind,ecy,0
OTHERLATIN,nfm,ind,ecy,0
OTHERLATIN,oen,ind,ecy,0.251208
OTHERLATIN,omn,ind,ecy,15.993576000000001
OTHERLATIN,pow,pow,ecy,-33.871212
OTHERLATIN,ral,tra,ecy,0
OTHERLATIN,res,res,ecy,11.388096000000001
OTHERLATIN,rod,tra,ecy,0
OTHERLATIN,srv,ind,ecy,1.967796
OTHERASIA,cem,ind,ecy,8.750412
OTHERASIA,cst,ind,ecy,0
OTHERASIA,avi,tra,ecy,0
OTHERASIA,nav,tra,ecy,0
OTHERASIA,foo,ind,ecy,0.669888
OTHERASIA,irn,ind,ecy,0
OTHERASIA,mac,ind,ecy,0
OTHERASIA,mch,ind,ecy,0.125604
OTHERASIA,nfm,ind,ecy,0
OTHERASIA,oen,ind,ecy,3.726252
OTHERASIA,omn,ind,ecy,31.945284
OTHERASIA,pow,pow,ecy,-71.636148
OTHERASIA,ral,tra,ecy,0
OTHERASIA,res,res,ecy,23.822892000000003
OTHERASIA,rod,tra,ecy,0
OTHERASIA,srv,ind,ecy,21.687624
WORLDAV,cem,ind,ecy,NA
WORLDAV,cst,ind,ecy,NA
WORLDAV,avi,tra,ecy,NA
WORLDAV,nav,tra,ecy,NA
WORLDAV,foo,ind,ecy,0
WORLDAV,irn,ind,ecy,NA
WORLDAV,mac,ind,ecy,0
WORLDAV,mch,ind,ecy,0
WORLDAV,nfm,ind,ecy,NA
WORLDAV,oen,ind,ecy,NA
WORLDAV,omn,ind,ecy,0
WORLDAV,pow,pow,ecy,-0
WORLDAV,ral,tra,ecy,NA
WORLDAV,res,res,ecy,NA
WORLDAV,rod,tra,ecy,NA
WORLDAV,srv,ind,ecy,NA
WORLDMAR,cem,ind,ecy,NA
WORLDMAR,cst,ind,ecy,NA
WORLDMAR,avi,tra,ecy,NA
WORLDMAR,nav,tra,ecy,NA
WORLDMAR,foo,ind,ecy,0
WORLDMAR,irn,ind,ecy,NA
WORLDMAR,mac,ind,ecy,0
WORLDMAR,mch,ind,ecy,0
WORLDMAR,nfm,ind,ecy,NA
WORLDMAR,oen,ind,ecy,NA
WORLDMAR,omn,ind,ecy,0
WORLDMAR,pow,pow,ecy,-0
WORLDMAR,ral,tra,ecy,NA
WORLDMAR,res,res,ecy,NA
WORLDMAR,rod,tra,ecy,NA
WORLDMAR,srv,ind,ecy,NA
AFRIC,ftr,ind,ecy,570.1165560000003
AFRICATOT,ftr,ind,ecy,570.1165560000003
AGO,ftr,ind,ecy,5.819652
ALB,ftr,ind,ecy,5.610312
AMERICAS,ftr,ind,ecy,3521.768687999998
ARE,ftr,ind,ecy,47.227104000000004
ARG,ftr,ind,ecy,98.34793200000001
ARM,ftr,ind,ecy,3.475044
ASIA,ftr,ind,ecy,2143.43226
ASIATOT,ftr,ind,ecy,8034.678540000001
ASME,ftr,ind,ecy,845.94294
AUS,ftr,ind,ecy,171.114516
AUT,ftr,ind,ecy,40.02580800000001
AZE,ftr,ind,ecy,22.231908
BEL,ftr,ind,ecy,29.475072
BEN,ftr,ind,ecy,1.088568
BGD,ftr,ind,ecy,47.771388
BGR,ftr,ind,ecy,31.861547999999985
BHR,ftr,ind,ecy,2.72142
BIH,ftr,ind,ecy,10.801944
BLR,ftr,ind,ecy,27.884088000000002
BOL,ftr,ind,ecy,5.149764
BRA,ftr,ind,ecy,464.2323839999998
BRN,ftr,ind,ecy,3.600648
BWA,ftr,ind,ecy,2.8470240000000002
CAN,ftr,ind,ecy,318.40614
CHE,ftr,ind,ecy,25.372008
CHINAREG,ftr,ind,ecy,4062.0333600000004
CHL,ftr,ind,ecy,33.410664000000004
CHN,ftr,ind,ecy,4046.3747280000002
CIV,ftr,ind,ecy,7.494372
CMR,ftr,ind,ecy,7.368768
COD,ftr,ind,ecy,10.969416
COG,ftr,ind,ecy,6.950088
COL,ftr,ind,ecy,65.607156
CRI,ftr,ind,ecy,4.563612
CUB,ftr,ind,ecy,18.882468
CUW,ftr,ind,ecy,0.544284
CYP,ftr,ind,ecy,1.4653800000000001
CZE,ftr,ind,ecy,54.302796000000036
DEU,ftr,ind,ecy,271.13716800000003
DNK,ftr,ind,ecy,16.202916000000002
DOM,ftr,ind,ecy,11.681172
DZA,ftr,ind,ecy,67.82616
ECU,ftr,ind,ecy,15.030612
EGY,ftr,ind,ecy,113.16920400000001
EQGUINEA,ftr,ind,ecy,0.71175600000000006
ERI,ftr,ind,ecy,0.334944
ESP,ftr,ind,ecy,161.568612
EST,ftr,ind,ecy,10.67634
ETH,ftr,ind,ecy,10.88568
EU27_2020,ftr,ind,ecy,1503.9822960000004
EU28,ftr,ind,ecy,1685.0195279999987
EUROPE,ftr,ind,ecy,3310.6702320000013
FIN,ftr,ind,ecy,25.832555999999993
FRA,ftr,ind,ecy,266.8666319999997
FSU_15,ftr,ind,ecy,1681.879428
G20,ftr,ind,ecy,13000.097736
G7,ftr,ind,ecy,3634.9797600000015
G8,ftr,ind,ecy,4944.150252000002
GAB,ftr,ind,ecy,1.590984
GBR,ftr,ind,ecy,180.995364
GEO,ftr,ind,ecy,4.103064000000001
GHA,ftr,ind,ecy,-5.4847079999999995
GIB,ftr,ind,ecy,0.041868
GRC,ftr,ind,ecy,36.21582
GREENLAND,ftr,ind,ecy,0.62802
GTM,ftr,ind,ecy,8.038656
HKG,ftr,ind,ecy,15.658632
HND,ftr,ind,ecy,10.801944
HRV,ftr,ind,ecy,10.090188000000001
HTI,ftr,ind,ecy,2.219004
HUN,ftr,ind,ecy,24.995196
IDN,ftr,ind,ecy,105.00494400000001
IEAFAMILY,ftr,ind,ecy,11461.071924000005
IEATOT,ftr,ind,ecy,5195.065176000003
IND,ftr,ind,ecy,1361.0449440000002
IRL,ftr,ind,ecy,13.39776
IRN,ftr,ind,ecy,167.095188
IRQ,ftr,ind,ecy,220.518756
ISL,ftr,ind,ecy,4.814820000000002
ISR,ftr,ind,ecy,19.384884000000003
ITA,ftr,ind,ecy,141.011424
JAM,ftr,ind,ecy,4.1868
JOR,ftr,ind,ecy,11.262492
JPN,ftr,ind,ecy,377.3981520000001
KAZ,ftr,ind,ecy,85.661928
KEN,ftr,ind,ecy,10.676340000000001
KGZ,ftr,ind,ecy,10.467
KHM,ftr,ind,ecy,5.484708
KOR,ftr,ind,ecy,196.94707200000025
KOSOVO,ftr,ind,ecy,6.028992
KWT,ftr,ind,ecy,90.22554000000001
LAO,ftr,ind,ecy,7.619975999999999
LATAMER,ftr,ind,ecy,897.7336559999997
LBN,ftr,ind,ecy,8.247996
LBY,ftr,ind,ecy,61.33662
LKA,ftr,ind,ecy,4.647348
LTU,ftr,ind,ecy,7.243164000000001
LUX,ftr,ind,ecy,2.470212
LVA,ftr,ind,ecy,3.55878
MALI,ftr,ind,ecy,2.0934
MAR,ftr,ind,ecy,18.086975999999996
MASEAN,ftr,ind,ecy,522.8475840000001
MAURITIUS,ftr,ind,ecy,0.8373600000000001
MDA,ftr,ind,ecy,4.1868
MEX,ftr,ind,ecy,193.178952
MGUYANA,ftr,ind,ecy,0.9629640000000002
MKD,ftr,ind,ecy,5.149764
MLT,ftr,ind,ecy,0.669888
MMADAGASCA,ftr,ind,ecy,0.20934000000000003
MMR,ftr,ind,ecy,13.146552
MNE,ftr,ind,ecy,2.72142
MNG,ftr,ind,ecy,6.196464000000001
MOZ,ftr,ind,ecy,12.183588
MPALESTINE,ftr,ind,ecy,2.72142
MUGANDA,ftr,ind,ecy,4.438008
MYS,ftr,ind,ecy,57.65223600000001
NAM,ftr,ind,ecy,1.297908
NER,ftr,ind,ecy,1.758456
NGA,ftr,ind,ecy,35.880876
NIC,ftr,ind,ecy,4.019328
NLD,ftr,ind,ecy,52.083791999999995
NOC,ftr,ind,ecy,10344.284892000001
NON-OECDEUROPEANDEURASIA,ftr,ind,ecy,1825.193592
NOR,ftr,ind,ecy,71.21746799999995
NPL,ftr,ind,ecy,4.270536
NZL,ftr,ind,ecy,19.971036
OCEANIA,ftr,ind,ecy,177.52032000000003
OENN,ftr,ind,ecy,2624.0350320000002
OEPN,ftr,ind,ecy,784.7737920000001
OEU,ftr,ind,ecy,1861.6187520000005
OMN,ftr,ind,ecy,14.821272
OPEC,ftr,ind,ecy,1091.28942
OTHERAFRIC,ftr,ind,ecy,0.7954919999999994
OTHERASIA,ftr,ind,ecy,-8.457336
OTHERLATIN,ftr,ind,ecy,4.814820000000001
OTO,ftr,ind,ecy,5270.427575999999
PAK,ftr,ind,ecy,101.65550400000001
PAN,ftr,ind,ecy,5.8196520000000005
PER,ftr,ind,ecy,24.157836000000003
PHL,ftr,ind,ecy,59.6619
POL,ftr,ind,ecy,126.10641599999998
PRK,ftr,ind,ecy,14.067648
PRT,ftr,ind,ecy,28.051560000000002
PRY,ftr,ind,ecy,16.244784
QAT,ftr,ind,ecy,10.634472000000002
ROU,ftr,ind,ecy,58.866408
RUS,ftr,ind,ecy,1309.1704920000002
SAU,ftr,ind,ecy,251.96162400000003
SDN,ftr,ind,ecy,9.21096
SEN,ftr,ind,ecy,2.8051559999999998
SGP,ftr,ind,ecy,9.713376
SLV,ftr,ind,ecy,3.3913080000000004
SRB,ftr,ind,ecy,31.484736
SSD,ftr,ind,ecy,0.5024160000000001
SUR,ftr,ind,ecy,0.9629640000000002
SVK,ftr,ind,ecy,15.951707999999996
SVN,ftr,ind,ecy,6.950088000000001
SWE,ftr,ind,ecy,66.82132800000007
SYR,ftr,ind,ecy,16.077312
TGO,ftr,ind,ecy,0.8373600000000001
THA,ftr,ind,ecy,71.71988400000001
TJK,ftr,ind,ecy,11.220624
TKM,ftr,ind,ecy,24.70212
TTO,ftr,ind,ecy,2.763288
TUN,ftr,ind,ecy,14.905008
TUR,ftr,ind,ecy,178.064604
TWN,ftr,ind,ecy,89.38818
TZA,ftr,ind,ecy,3.516912
UKR,ftr,ind,ecy,122.63137200000006
URY,ftr,ind,ecy,7.075692000000001
USA,ftr,ind,ecy,2079.0392760000004
UZB,ftr,ind,ecy,34.666704
VEN,ftr,ind,ecy,119.28193200000001
VNM,ftr,ind,ecy,189.201492
WLD,ftr,ind,ecy,15614.712467999992
WORLDAV,ftr,ind,ecy,-0
WORLDMAR,ftr,ind,ecy,-0
YEM,ftr,ind,ecy,5.066028
YUG,ftr,ind,ecy,73.185264
ZAF,ftr,ind,ecy,149.17568400000002
ZMB,ftr,ind,ecy,7.871184000000001
ZWE,ftr,ind,ecy,6.950088000000001
